truck_id,origin,origin_gps,destination,dest_gps,dist_km,departure,sla_deadline,status,incident_type,penalty_mad,reroute_cost_mad,express_cost_mad,load_type
MAR-1000,Casablanca,"33.5731,-7.5898",Tanger,"35.7595,-5.834",311.26,2025-01-01 09:28:00,2025-01-01 14:20:00,DELAY,TRAFFIC,1500,338,1098,Perishable
MAR-1001,Fes,"34.0331,-5.0003",Agadir,"30.4278,-9.5981",648.55,2025-01-01 20:24:00,2025-01-02 06:00:00,BREAKDOWN,MECHANICAL_FAILURE,1500,789,982,High-Value
MAR-1002,Kenitra,"34.261,-6.5802",Nador,"35.1681,-2.9335",417.12,2025-01-01 14:30:00,2025-01-01 19:59:00,DELAY,WEATHER,1500,473,1522,Standard
MAR-1003,Fes,"34.0331,-5.0003",Casablanca,"33.5731,-7.5898",291.93,2025-01-01 23:44:00,2025-01-02 03:53:00,DELAY,WEATHER,1500,323,1492,Standard
MAR-1004,Tanger,"35.7595,-5.834",Nador,"35.1681,-2.9335",328.58,2025-01-01 13:39:00,2025-01-01 19:00:00,OK,NONE,0,571,1149,Perishable
MAR-1005,Oujda,"34.6805,-1.9077",Marrakech,"31.6295,-7.9811",754.43,2025-01-01 20:08:00,2025-01-02 07:05:00,DELAY,WEATHER,1500,471,1905,Standard
MAR-1006,Kenitra,"34.261,-6.5802",Tanger,"35.7595,-5.834",185.82,2025-01-02 06:19:00,2025-01-02 08:47:00,DELAY,WEATHER,1500,739,1823,Standard
MAR-1007,Agadir,"30.4278,-9.5981",Marrakech,"31.6295,-7.9811",223.62,2025-01-01 14:27:00,2025-01-01 17:23:00,BREAKDOWN,MECHANICAL_FAILURE,1500,577,1846,High-Value
MAR-1008,Nador,"35.1681,-2.9335",Marrakech,"31.6295,-7.9811",684.25,2025-01-01 19:19:00,2025-01-02 06:05:00,OK,NONE,0,581,1742,Perishable
MAR-1009,Oujda,"34.6805,-1.9077",Kenitra,"34.261,-6.5802",520.73,2025-01-01 21:56:00,2025-01-02 05:28:00,OK,NONE,0,417,1334,Perishable
MAR-1010,Agadir,"30.4278,-9.5981",Fes,"34.0331,-5.0003",648.55,2025-01-02 06:39:00,2025-01-02 16:51:00,OK,NONE,0,342,1554,High-Value
MAR-1011,Agadir,"30.4278,-9.5981",Nador,"35.1681,-2.9335",907.81,2025-01-01 23:35:00,2025-01-02 12:55:00,BREAKDOWN,MECHANICAL_FAILURE,1500,721,1300,Perishable
MAR-1012,Marrakech,"31.6295,-7.9811",Nador,"35.1681,-2.9335",684.25,2025-01-02 03:12:00,2025-01-02 13:06:00,BREAKDOWN,MECHANICAL_FAILURE,1500,351,1459,High-Value
MAR-1013,Oujda,"34.6805,-1.9077",Tanger,"35.7595,-5.834",451.98,2025-01-01 17:00:00,2025-01-01 23:16:00,BREAKDOWN,MECHANICAL_FAILURE,1500,686,1932,Standard
MAR-1014,Agadir,"30.4278,-9.5981",Kenitra,"34.261,-6.5802",541.53,2025-01-02 03:21:00,2025-01-02 11:52:00,OK,NONE,0,752,1255,Perishable
MAR-1015,Kenitra,"34.261,-6.5802",Agadir,"30.4278,-9.5981",541.53,2025-01-01 22:48:00,2025-01-02 07:05:00,OK,NONE,0,534,1347,High-Value
MAR-1016,Tanger,"35.7595,-5.834",Nador,"35.1681,-2.9335",328.58,2025-01-01 22:39:00,2025-01-02 03:38:00,OK,NONE,0,628,1437,High-Value
MAR-1017,Oujda,"34.6805,-1.9077",Casablanca,"33.5731,-7.5898",642.58,2025-01-02 07:54:00,2025-01-02 17:15:00,DELAY,WEATHER,1500,800,1804,Standard
MAR-1018,Nador,"35.1681,-2.9335",Fes,"34.0331,-5.0003",261.73,2025-01-01 13:02:00,2025-01-01 17:27:00,BREAKDOWN,MECHANICAL_FAILURE,1500,730,1712,High-Value
MAR-1019,Agadir,"30.4278,-9.5981",Casablanca,"33.5731,-7.5898",414.23,2025-01-02 05:38:00,2025-01-02 12:33:00,DELAY,TRAFFIC,1500,377,1837,Perishable
MAR-1020,Oujda,"34.6805,-1.9077",Tanger,"35.7595,-5.834",451.98,2025-01-02 04:48:00,2025-01-02 12:15:00,DELAY,WEATHER,1500,312,1376,High-Value
MAR-1021,Oujda,"34.6805,-1.9077",Agadir,"30.4278,-9.5981",975.46,2025-01-02 04:01:00,2025-01-02 18:02:00,DELAY,WEATHER,1500,673,1026,Perishable
MAR-1022,Tanger,"35.7595,-5.834",Oujda,"34.6805,-1.9077",451.98,2025-01-02 05:33:00,2025-01-02 12:19:00,DELAY,TRAFFIC,1500,744,1566,Perishable
MAR-1023,Nador,"35.1681,-2.9335",Agadir,"30.4278,-9.5981",907.81,2025-01-02 07:04:00,2025-01-02 20:11:00,OK,NONE,0,650,1884,High-Value
MAR-1024,Kenitra,"34.261,-6.5802",Marrakech,"31.6295,-7.9811",330.91,2025-01-01 15:46:00,2025-01-01 20:16:00,OK,NONE,0,696,1262,Standard
MAR-1025,Marrakech,"31.6295,-7.9811",Tanger,"35.7595,-5.834",516.68,2025-01-01 21:08:00,2025-01-02 04:19:00,OK,NONE,0,408,1078,Standard
MAR-1026,Oujda,"34.6805,-1.9077",Kenitra,"34.261,-6.5802",520.73,2025-01-01 21:56:00,2025-01-02 06:04:00,BREAKDOWN,MECHANICAL_FAILURE,1500,644,1854,Perishable
MAR-1027,Kenitra,"34.261,-6.5802",Agadir,"30.4278,-9.5981",541.53,2025-01-01 13:08:00,2025-01-01 21:14:00,BREAKDOWN,MECHANICAL_FAILURE,1500,347,1213,High-Value
MAR-1028,Tanger,"35.7595,-5.834",Marrakech,"31.6295,-7.9811",516.68,2025-01-01 08:14:00,2025-01-01 16:31:00,DELAY,TRAFFIC,1500,404,910,Perishable
MAR-1029,Oujda,"34.6805,-1.9077",Fes,"34.0331,-5.0003",350.72,2025-01-01 15:20:00,2025-01-01 20:58:00,BREAKDOWN,MECHANICAL_FAILURE,1500,417,1689,Perishable
MAR-1030,Marrakech,"31.6295,-7.9811",Oujda,"34.6805,-1.9077",754.43,2025-01-01 13:25:00,2025-01-02 00:30:00,OK,NONE,0,425,905,Standard
MAR-1031,Agadir,"30.4278,-9.5981",Casablanca,"33.5731,-7.5898",414.23,2025-01-01 11:19:00,2025-01-01 18:10:00,OK,NONE,0,321,1078,Standard
MAR-1032,Fes,"34.0331,-5.0003",Tanger,"35.7595,-5.834",212.81,2025-01-01 18:45:00,2025-01-01 22:34:00,DELAY,WEATHER,1500,548,1498,High-Value
MAR-1033,Casablanca,"33.5731,-7.5898",Tanger,"35.7595,-5.834",311.26,2025-01-01 10:36:00,2025-01-01 15:57:00,OK,NONE,0,608,1230,High-Value
MAR-1034,Oujda,"34.6805,-1.9077",Marrakech,"31.6295,-7.9811",754.43,2025-01-01 21:29:00,2025-01-02 08:28:00,DELAY,WEATHER,1500,587,1435,High-Value
MAR-1035,Agadir,"30.4278,-9.5981",Tanger,"35.7595,-5.834",724.44,2025-01-01 09:24:00,2025-01-01 20:37:00,OK,NONE,0,656,1454,High-Value
MAR-1036,Marrakech,"31.6295,-7.9811",Nador,"35.1681,-2.9335",684.25,2025-01-02 01:20:00,2025-01-02 11:05:00,OK,NONE,0,591,1474,Standard
MAR-1037,Casablanca,"33.5731,-7.5898",Agadir,"30.4278,-9.5981",414.23,2025-01-02 05:24:00,2025-01-02 12:03:00,DELAY,TRAFFIC,1500,711,1155,Standard
MAR-1038,Casablanca,"33.5731,-7.5898",Tanger,"35.7595,-5.834",311.26,2025-01-01 08:35:00,2025-01-01 12:56:00,DELAY,TRAFFIC,1500,340,1531,Perishable
MAR-1039,Agadir,"30.4278,-9.5981",Marrakech,"31.6295,-7.9811",223.62,2025-01-01 08:09:00,2025-01-01 12:07:00,OK,NONE,0,647,1057,Standard
MAR-1040,Tanger,"35.7595,-5.834",Nador,"35.1681,-2.9335",328.58,2025-01-01 13:43:00,2025-01-01 18:34:00,DELAY,TRAFFIC,1500,759,1865,Standard
MAR-1041,Tanger,"35.7595,-5.834",Fes,"34.0331,-5.0003",212.81,2025-01-02 02:06:00,2025-01-02 05:28:00,OK,NONE,0,641,1905,Perishable
MAR-1042,Fes,"34.0331,-5.0003",Agadir,"30.4278,-9.5981",648.55,2025-01-01 23:50:00,2025-01-02 09:31:00,BREAKDOWN,MECHANICAL_FAILURE,1500,545,1799,Standard
MAR-1043,Fes,"34.0331,-5.0003",Casablanca,"33.5731,-7.5898",291.93,2025-01-02 00:56:00,2025-01-02 05:39:00,DELAY,TRAFFIC,1500,675,1718,Perishable
MAR-1044,Casablanca,"33.5731,-7.5898",Nador,"35.1681,-2.9335",546.33,2025-01-02 05:37:00,2025-01-02 13:45:00,DELAY,WEATHER,1500,789,1868,Perishable
MAR-1045,Tanger,"35.7595,-5.834",Nador,"35.1681,-2.9335",328.58,2025-01-01 22:21:00,2025-01-02 02:47:00,DELAY,WEATHER,1500,521,1070,High-Value
MAR-1046,Agadir,"30.4278,-9.5981",Kenitra,"34.261,-6.5802",541.53,2025-01-01 20:44:00,2025-01-02 05:21:00,DELAY,TRAFFIC,1500,592,1183,Standard
MAR-1047,Tanger,"35.7595,-5.834",Agadir,"30.4278,-9.5981",724.44,2025-01-02 01:44:00,2025-01-02 12:35:00,OK,NONE,0,362,1621,High-Value
MAR-1048,Tanger,"35.7595,-5.834",Oujda,"34.6805,-1.9077",451.98,2025-01-02 03:55:00,2025-01-02 10:48:00,OK,NONE,0,398,1387,Standard
MAR-1049,Fes,"34.0331,-5.0003",Marrakech,"31.6295,-7.9811",425.04,2025-01-02 00:36:00,2025-01-02 06:50:00,OK,NONE,0,707,1590,Perishable
MAR-1050,Agadir,"30.4278,-9.5981",Oujda,"34.6805,-1.9077",975.46,2025-01-01 12:30:00,2025-01-02 03:02:00,BREAKDOWN,MECHANICAL_FAILURE,1500,674,1228,Standard
MAR-1051,Nador,"35.1681,-2.9335",Tanger,"35.7595,-5.834",328.58,2025-01-01 17:38:00,2025-01-01 22:32:00,BREAKDOWN,MECHANICAL_FAILURE,1500,613,1709,Standard
MAR-1052,Agadir,"30.4278,-9.5981",Marrakech,"31.6295,-7.9811",223.62,2025-01-01 17:36:00,2025-01-01 20:27:00,BREAKDOWN,MECHANICAL_FAILURE,1500,593,1903,Standard
MAR-1053,Fes,"34.0331,-5.0003",Nador,"35.1681,-2.9335",261.73,2025-01-02 07:49:00,2025-01-02 11:10:00,BREAKDOWN,MECHANICAL_FAILURE,1500,367,1394,Standard
MAR-1054,Oujda,"34.6805,-1.9077",Casablanca,"33.5731,-7.5898",642.58,2025-01-01 16:33:00,2025-01-02 02:05:00,BREAKDOWN,MECHANICAL_FAILURE,1500,733,1199,Standard
MAR-1055,Tanger,"35.7595,-5.834",Oujda,"34.6805,-1.9077",451.98,2025-01-01 12:21:00,2025-01-01 18:30:00,DELAY,WEATHER,1500,471,1319,Perishable
MAR-1056,Fes,"34.0331,-5.0003",Marrakech,"31.6295,-7.9811",425.04,2025-01-01 23:33:00,2025-01-02 05:23:00,DELAY,TRAFFIC,1500,731,1420,Standard
MAR-1057,Marrakech,"31.6295,-7.9811",Kenitra,"34.261,-6.5802",330.91,2025-01-02 06:13:00,2025-01-02 11:32:00,OK,NONE,0,744,1950,Standard
MAR-1058,Casablanca,"33.5731,-7.5898",Marrakech,"31.6295,-7.9811",220.07,2025-01-01 19:08:00,2025-01-01 23:02:00,DELAY,WEATHER,1500,467,1144,Perishable
MAR-1059,Marrakech,"31.6295,-7.9811",Oujda,"34.6805,-1.9077",754.43,2025-01-01 09:35:00,2025-01-01 20:52:00,OK,NONE,0,689,1629,Perishable
MAR-1060,Kenitra,"34.261,-6.5802",Casablanca,"33.5731,-7.5898",135.61,2025-01-01 18:59:00,2025-01-01 21:30:00,OK,NONE,0,439,1973,High-Value
MAR-1061,Kenitra,"34.261,-6.5802",Fes,"34.0331,-5.0003",177.18,2025-01-02 05:06:00,2025-01-02 07:33:00,DELAY,TRAFFIC,1500,442,1546,Standard
MAR-1062,Oujda,"34.6805,-1.9077",Casablanca,"33.5731,-7.5898",642.58,2025-01-01 13:04:00,2025-01-01 22:53:00,OK,NONE,0,533,1507,Perishable
MAR-1063,Marrakech,"31.6295,-7.9811",Agadir,"30.4278,-9.5981",223.62,2025-01-01 22:43:00,2025-01-02 01:36:00,BREAKDOWN,MECHANICAL_FAILURE,1500,645,1559,High-Value
MAR-1064,Kenitra,"34.261,-6.5802",Fes,"34.0331,-5.0003",177.18,2025-01-02 06:09:00,2025-01-02 08:37:00,DELAY,TRAFFIC,1500,317,1705,High-Value
MAR-1065,Nador,"35.1681,-2.9335",Fes,"34.0331,-5.0003",261.73,2025-01-01 12:34:00,2025-01-01 16:08:00,BREAKDOWN,MECHANICAL_FAILURE,1500,620,1826,High-Value
MAR-1066,Kenitra,"34.261,-6.5802",Tanger,"35.7595,-5.834",185.82,2025-01-01 23:13:00,2025-01-02 01:23:00,DELAY,WEATHER,1500,440,1137,Perishable
MAR-1067,Casablanca,"33.5731,-7.5898",Oujda,"34.6805,-1.9077",642.58,2025-01-01 09:59:00,2025-01-01 19:15:00,DELAY,WEATHER,1500,653,1865,High-Value
MAR-1068,Agadir,"30.4278,-9.5981",Kenitra,"34.261,-6.5802",541.53,2025-01-01 16:24:00,2025-01-01 23:57:00,DELAY,TRAFFIC,1500,685,1201,Perishable
MAR-1069,Nador,"35.1681,-2.9335",Agadir,"30.4278,-9.5981",907.81,2025-01-02 07:22:00,2025-01-02 20:38:00,OK,NONE,0,693,1887,Standard
MAR-1070,Fes,"34.0331,-5.0003",Oujda,"34.6805,-1.9077",350.72,2025-01-02 07:53:00,2025-01-02 13:33:00,OK,NONE,0,427,1611,Perishable
MAR-1071,Casablanca,"33.5731,-7.5898",Kenitra,"34.261,-6.5802",135.61,2025-01-01 17:53:00,2025-01-01 19:43:00,DELAY,TRAFFIC,1500,574,966,Standard
MAR-1072,Casablanca,"33.5731,-7.5898",Agadir,"30.4278,-9.5981",414.23,2025-01-01 14:24:00,2025-01-01 21:15:00,BREAKDOWN,MECHANICAL_FAILURE,1500,483,1927,Standard
MAR-1073,Casablanca,"33.5731,-7.5898",Nador,"35.1681,-2.9335",546.33,2025-01-01 11:10:00,2025-01-01 18:56:00,OK,NONE,0,678,1169,High-Value
MAR-1074,Marrakech,"31.6295,-7.9811",Kenitra,"34.261,-6.5802",330.91,2025-01-02 04:55:00,2025-01-02 10:04:00,DELAY,TRAFFIC,1500,499,1000,Perishable
MAR-1075,Kenitra,"34.261,-6.5802",Oujda,"34.6805,-1.9077",520.73,2025-01-01 08:26:00,2025-01-01 16:20:00,OK,NONE,0,307,1710,Perishable
MAR-1076,Tanger,"35.7595,-5.834",Nador,"35.1681,-2.9335",328.58,2025-01-01 12:14:00,2025-01-01 17:31:00,OK,NONE,0,550,1098,Standard
MAR-1077,Marrakech,"31.6295,-7.9811",Casablanca,"33.5731,-7.5898",220.07,2025-01-01 17:28:00,2025-01-01 21:34:00,OK,NONE,0,314,1748,High-Value
MAR-1078,Casablanca,"33.5731,-7.5898",Nador,"35.1681,-2.9335",546.33,2025-01-01 16:40:00,2025-01-02 01:10:00,DELAY,TRAFFIC,1500,428,1417,Standard
MAR-1079,Agadir,"30.4278,-9.5981",Fes,"34.0331,-5.0003",648.55,2025-01-02 04:45:00,2025-01-02 13:30:00,OK,NONE,0,350,1376,Standard
MAR-1080,Kenitra,"34.261,-6.5802",Nador,"35.1681,-2.9335",417.12,2025-01-01 14:40:00,2025-01-01 21:09:00,OK,NONE,0,376,1908,Standard
MAR-1081,Agadir,"30.4278,-9.5981",Oujda,"34.6805,-1.9077",975.46,2025-01-02 06:42:00,2025-01-02 20:48:00,DELAY,TRAFFIC,1500,752,1598,High-Value
MAR-1082,Tanger,"35.7595,-5.834",Marrakech,"31.6295,-7.9811",516.68,2025-01-01 16:56:00,2025-01-02 00:32:00,OK,NONE,0,517,937,Standard
MAR-1083,Marrakech,"31.6295,-7.9811",Fes,"34.0331,-5.0003",425.04,2025-01-01 13:13:00,2025-01-01 20:08:00,OK,NONE,0,658,1616,Standard
MAR-1084,Kenitra,"34.261,-6.5802",Oujda,"34.6805,-1.9077",520.73,2025-01-02 01:07:00,2025-01-02 09:16:00,OK,NONE,0,675,1116,Perishable
MAR-1085,Marrakech,"31.6295,-7.9811",Tanger,"35.7595,-5.834",516.68,2025-01-02 00:20:00,2025-01-02 07:59:00,DELAY,TRAFFIC,1500,428,1945,Perishable
MAR-1086,Nador,"35.1681,-2.9335",Casablanca,"33.5731,-7.5898",546.33,2025-01-02 05:32:00,2025-01-02 13:08:00,BREAKDOWN,MECHANICAL_FAILURE,1500,479,1969,Perishable
MAR-1087,Tanger,"35.7595,-5.834",Nador,"35.1681,-2.9335",328.58,2025-01-01 15:50:00,2025-01-01 21:15:00,BREAKDOWN,MECHANICAL_FAILURE,1500,793,1339,Standard
MAR-1088,Casablanca,"33.5731,-7.5898",Agadir,"30.4278,-9.5981",414.23,2025-01-01 10:32:00,2025-01-01 16:14:00,BREAKDOWN,MECHANICAL_FAILURE,1500,554,1739,High-Value
MAR-1089,Kenitra,"34.261,-6.5802",Marrakech,"31.6295,-7.9811",330.91,2025-01-01 10:31:00,2025-01-01 15:45:00,OK,NONE,0,598,930,Standard
MAR-1090,Kenitra,"34.261,-6.5802",Oujda,"34.6805,-1.9077",520.73,2025-01-01 19:49:00,2025-01-02 03:45:00,BREAKDOWN,MECHANICAL_FAILURE,1500,621,1717,High-Value
MAR-1091,Agadir,"30.4278,-9.5981",Oujda,"34.6805,-1.9077",975.46,2025-01-01 15:34:00,2025-01-02 06:23:00,OK,NONE,0,787,1004,Standard
MAR-1092,Tanger,"35.7595,-5.834",Agadir,"30.4278,-9.5981",724.44,2025-01-01 09:43:00,2025-01-01 19:36:00,BREAKDOWN,MECHANICAL_FAILURE,1500,352,1574,Perishable
MAR-1093,Kenitra,"34.261,-6.5802",Oujda,"34.6805,-1.9077",520.73,2025-01-01 20:24:00,2025-01-02 04:36:00,BREAKDOWN,MECHANICAL_FAILURE,1500,753,1944,Perishable
MAR-1094,Fes,"34.0331,-5.0003",Marrakech,"31.6295,-7.9811",425.04,2025-01-01 20:30:00,2025-01-02 02:09:00,OK,NONE,0,349,1048,Standard
MAR-1095,Tanger,"35.7595,-5.834",Marrakech,"31.6295,-7.9811",516.68,2025-01-01 23:05:00,2025-01-02 06:39:00,DELAY,WEATHER,1500,301,1501,Perishable
MAR-1096,Marrakech,"31.6295,-7.9811",Agadir,"30.4278,-9.5981",223.62,2025-01-01 08:08:00,2025-01-01 11:46:00,DELAY,WEATHER,1500,466,1347,Standard
MAR-1097,Casablanca,"33.5731,-7.5898",Oujda,"34.6805,-1.9077",642.58,2025-01-02 02:59:00,2025-01-02 11:42:00,DELAY,WEATHER,1500,552,1569,High-Value
MAR-1098,Agadir,"30.4278,-9.5981",Tanger,"35.7595,-5.834",724.44,2025-01-01 19:02:00,2025-01-02 06:20:00,DELAY,WEATHER,1500,500,1077,Standard
MAR-1099,Marrakech,"31.6295,-7.9811",Agadir,"30.4278,-9.5981",223.62,2025-01-01 11:57:00,2025-01-01 15:39:00,OK,NONE,0,438,1822,Perishable
MAR-1100,Marrakech,"31.6295,-7.9811",Fes,"34.0331,-5.0003",425.04,2025-01-02 01:32:00,2025-01-02 07:13:00,BREAKDOWN,MECHANICAL_FAILURE,1500,485,1560,High-Value
MAR-1101,Nador,"35.1681,-2.9335",Kenitra,"34.261,-6.5802",417.12,2025-01-02 00:57:00,2025-01-02 06:30:00,BREAKDOWN,MECHANICAL_FAILURE,1500,317,1309,Standard
MAR-1102,Tanger,"35.7595,-5.834",Casablanca,"33.5731,-7.5898",311.26,2025-01-01 22:04:00,2025-01-02 02:59:00,BREAKDOWN,MECHANICAL_FAILURE,1500,370,1959,Perishable
MAR-1103,Fes,"34.0331,-5.0003",Tanger,"35.7595,-5.834",212.81,2025-01-01 18:33:00,2025-01-01 21:16:00,BREAKDOWN,MECHANICAL_FAILURE,1500,741,1628,Standard
MAR-1104,Marrakech,"31.6295,-7.9811",Kenitra,"34.261,-6.5802",330.91,2025-01-01 18:14:00,2025-01-01 22:47:00,OK,NONE,0,548,1684,Standard
MAR-1105,Casablanca,"33.5731,-7.5898",Marrakech,"31.6295,-7.9811",220.07,2025-01-01 16:40:00,2025-01-01 19:41:00,BREAKDOWN,MECHANICAL_FAILURE,1500,578,1980,Standard
MAR-1106,Agadir,"30.4278,-9.5981",Oujda,"34.6805,-1.9077",975.46,2025-01-01 15:27:00,2025-01-02 05:06:00,OK,NONE,0,372,1495,Standard
MAR-1107,Kenitra,"34.261,-6.5802",Fes,"34.0331,-5.0003",177.18,2025-01-01 15:46:00,2025-01-01 18:58:00,BREAKDOWN,MECHANICAL_FAILURE,1500,559,1521,Perishable
MAR-1108,Nador,"35.1681,-2.9335",Marrakech,"31.6295,-7.9811",684.25,2025-01-01 10:33:00,2025-01-01 20:39:00,OK,NONE,0,720,1624,High-Value
MAR-1109,Nador,"35.1681,-2.9335",Agadir,"30.4278,-9.5981",907.81,2025-01-01 13:35:00,2025-01-02 03:24:00,BREAKDOWN,MECHANICAL_FAILURE,1500,466,1741,Standard
MAR-1110,Tanger,"35.7595,-5.834",Fes,"34.0331,-5.0003",212.81,2025-01-02 00:39:00,2025-01-02 03:18:00,BREAKDOWN,MECHANICAL_FAILURE,1500,537,1760,Standard
MAR-1111,Marrakech,"31.6295,-7.9811",Oujda,"34.6805,-1.9077",754.43,2025-01-01 19:09:00,2025-01-02 05:44:00,BREAKDOWN,MECHANICAL_FAILURE,1500,325,1192,High-Value
MAR-1112,Marrakech,"31.6295,-7.9811",Fes,"34.0331,-5.0003",425.04,2025-01-01 10:06:00,2025-01-01 16:52:00,BREAKDOWN,MECHANICAL_FAILURE,1500,771,904,High-Value
MAR-1113,Marrakech,"31.6295,-7.9811",Nador,"35.1681,-2.9335",684.25,2025-01-01 15:23:00,2025-01-02 00:42:00,OK,NONE,0,686,1607,High-Value
MAR-1114,Marrakech,"31.6295,-7.9811",Nador,"35.1681,-2.9335",684.25,2025-01-01 13:16:00,2025-01-01 22:39:00,BREAKDOWN,MECHANICAL_FAILURE,1500,619,1717,Perishable
MAR-1115,Fes,"34.0331,-5.0003",Oujda,"34.6805,-1.9077",350.72,2025-01-01 11:08:00,2025-01-01 15:54:00,OK,NONE,0,323,1668,Standard
MAR-1116,Tanger,"35.7595,-5.834",Kenitra,"34.261,-6.5802",185.82,2025-01-01 17:13:00,2025-01-01 20:14:00,DELAY,TRAFFIC,1500,326,1802,High-Value
MAR-1117,Tanger,"35.7595,-5.834",Oujda,"34.6805,-1.9077",451.98,2025-01-02 07:32:00,2025-01-02 14:56:00,OK,NONE,0,786,1041,High-Value
MAR-1118,Agadir,"30.4278,-9.5981",Oujda,"34.6805,-1.9077",975.46,2025-01-01 19:30:00,2025-01-02 10:00:00,BREAKDOWN,MECHANICAL_FAILURE,1500,558,1199,High-Value
MAR-1119,Tanger,"35.7595,-5.834",Kenitra,"34.261,-6.5802",185.82,2025-01-02 02:37:00,2025-01-02 05:53:00,BREAKDOWN,MECHANICAL_FAILURE,1500,612,1139,Perishable
MAR-1120,Oujda,"34.6805,-1.9077",Casablanca,"33.5731,-7.5898",642.58,2025-01-01 13:03:00,2025-01-01 22:58:00,OK,NONE,0,666,1032,High-Value
MAR-1121,Tanger,"35.7595,-5.834",Nador,"35.1681,-2.9335",328.58,2025-01-01 11:20:00,2025-01-01 15:56:00,BREAKDOWN,MECHANICAL_FAILURE,1500,746,1984,Standard
MAR-1122,Kenitra,"34.261,-6.5802",Marrakech,"31.6295,-7.9811",330.91,2025-01-02 04:54:00,2025-01-02 10:02:00,DELAY,WEATHER,1500,499,1597,Perishable
MAR-1123,Nador,"35.1681,-2.9335",Fes,"34.0331,-5.0003",261.73,2025-01-01 21:17:00,2025-01-02 01:55:00,DELAY,TRAFFIC,1500,359,1407,High-Value
MAR-1124,Tanger,"35.7595,-5.834",Agadir,"30.4278,-9.5981",724.44,2025-01-01 10:44:00,2025-01-01 20:53:00,DELAY,TRAFFIC,1500,681,1528,Standard
MAR-1125,Nador,"35.1681,-2.9335",Fes,"34.0331,-5.0003",261.73,2025-01-01 11:24:00,2025-01-01 15:57:00,DELAY,TRAFFIC,1500,321,1220,Perishable
MAR-1126,Kenitra,"34.261,-6.5802",Tanger,"35.7595,-5.834",185.82,2025-01-01 21:31:00,2025-01-02 01:10:00,DELAY,WEATHER,1500,623,916,High-Value
MAR-1127,Nador,"35.1681,-2.9335",Tanger,"35.7595,-5.834",328.58,2025-01-02 03:17:00,2025-01-02 08:26:00,OK,NONE,0,400,1540,High-Value
MAR-1128,Tanger,"35.7595,-5.834",Casablanca,"33.5731,-7.5898",311.26,2025-01-02 07:15:00,2025-01-02 12:07:00,DELAY,WEATHER,1500,629,1205,High-Value
MAR-1129,Agadir,"30.4278,-9.5981",Nador,"35.1681,-2.9335",907.81,2025-01-02 07:28:00,2025-01-02 21:18:00,DELAY,WEATHER,1500,612,1717,Standard
MAR-1130,Casablanca,"33.5731,-7.5898",Nador,"35.1681,-2.9335",546.33,2025-01-01 12:47:00,2025-01-01 20:34:00,OK,NONE,0,404,1776,Standard
MAR-1131,Oujda,"34.6805,-1.9077",Kenitra,"34.261,-6.5802",520.73,2025-01-01 11:46:00,2025-01-01 20:08:00,DELAY,TRAFFIC,1500,634,1263,Perishable
MAR-1132,Agadir,"30.4278,-9.5981",Marrakech,"31.6295,-7.9811",223.62,2025-01-01 18:09:00,2025-01-01 21:44:00,DELAY,WEATHER,1500,530,1699,Perishable
MAR-1133,Kenitra,"34.261,-6.5802",Agadir,"30.4278,-9.5981",541.53,2025-01-01 15:50:00,2025-01-01 23:08:00,BREAKDOWN,MECHANICAL_FAILURE,1500,569,1626,Standard
MAR-1134,Kenitra,"34.261,-6.5802",Agadir,"30.4278,-9.5981",541.53,2025-01-01 12:59:00,2025-01-01 21:09:00,BREAKDOWN,MECHANICAL_FAILURE,1500,751,1989,Perishable
MAR-1135,Kenitra,"34.261,-6.5802",Tanger,"35.7595,-5.834",185.82,2025-01-02 03:48:00,2025-01-02 06:33:00,DELAY,TRAFFIC,1500,408,1493,High-Value
MAR-1136,Agadir,"30.4278,-9.5981",Nador,"35.1681,-2.9335",907.81,2025-01-01 09:52:00,2025-01-01 23:48:00,DELAY,TRAFFIC,1500,743,1371,Standard
MAR-1137,Marrakech,"31.6295,-7.9811",Nador,"35.1681,-2.9335",684.25,2025-01-02 06:46:00,2025-01-02 17:26:00,BREAKDOWN,MECHANICAL_FAILURE,1500,438,1000,Standard
MAR-1138,Agadir,"30.4278,-9.5981",Casablanca,"33.5731,-7.5898",414.23,2025-01-01 18:47:00,2025-01-02 01:15:00,BREAKDOWN,MECHANICAL_FAILURE,1500,551,1271,Standard
MAR-1139,Casablanca,"33.5731,-7.5898",Oujda,"34.6805,-1.9077",642.58,2025-01-01 16:49:00,2025-01-02 01:37:00,DELAY,TRAFFIC,1500,524,1844,Standard
MAR-1140,Kenitra,"34.261,-6.5802",Fes,"34.0331,-5.0003",177.18,2025-01-01 20:45:00,2025-01-01 22:50:00,BREAKDOWN,MECHANICAL_FAILURE,1500,422,1476,Standard
MAR-1141,Casablanca,"33.5731,-7.5898",Oujda,"34.6805,-1.9077",642.58,2025-01-01 14:28:00,2025-01-02 00:24:00,BREAKDOWN,MECHANICAL_FAILURE,1500,559,1584,High-Value
MAR-1142,Marrakech,"31.6295,-7.9811",Nador,"35.1681,-2.9335",684.25,2025-01-01 22:34:00,2025-01-02 08:20:00,BREAKDOWN,MECHANICAL_FAILURE,1500,708,1348,Perishable
MAR-1143,Fes,"34.0331,-5.0003",Tanger,"35.7595,-5.834",212.81,2025-01-02 00:19:00,2025-01-02 03:13:00,DELAY,TRAFFIC,1500,485,1363,Standard
MAR-1144,Oujda,"34.6805,-1.9077",Agadir,"30.4278,-9.5981",975.46,2025-01-01 15:02:00,2025-01-02 05:32:00,OK,NONE,0,535,1079,Perishable
MAR-1145,Kenitra,"34.261,-6.5802",Casablanca,"33.5731,-7.5898",135.61,2025-01-01 11:46:00,2025-01-01 14:13:00,OK,NONE,0,456,1702,Standard
MAR-1146,Casablanca,"33.5731,-7.5898",Kenitra,"34.261,-6.5802",135.61,2025-01-02 03:32:00,2025-01-02 06:17:00,BREAKDOWN,MECHANICAL_FAILURE,1500,746,1913,High-Value
MAR-1147,Tanger,"35.7595,-5.834",Oujda,"34.6805,-1.9077",451.98,2025-01-01 18:01:00,2025-01-02 00:28:00,BREAKDOWN,MECHANICAL_FAILURE,1500,757,1050,High-Value
MAR-1148,Oujda,"34.6805,-1.9077",Marrakech,"31.6295,-7.9811",754.43,2025-01-01 18:57:00,2025-01-02 05:30:00,OK,NONE,0,486,1356,High-Value
MAR-1149,Oujda,"34.6805,-1.9077",Agadir,"30.4278,-9.5981",975.46,2025-01-01 22:04:00,2025-01-02 11:48:00,BREAKDOWN,MECHANICAL_FAILURE,1500,678,1103,Standard
MAR-1150,Nador,"35.1681,-2.9335",Agadir,"30.4278,-9.5981",907.81,2025-01-01 16:26:00,2025-01-02 05:30:00,DELAY,WEATHER,1500,741,1854,Perishable
MAR-1151,Kenitra,"34.261,-6.5802",Marrakech,"31.6295,-7.9811",330.91,2025-01-01 19:18:00,2025-01-01 23:46:00,OK,NONE,0,561,1992,High-Value
MAR-1152,Agadir,"30.4278,-9.5981",Casablanca,"33.5731,-7.5898",414.23,2025-01-01 15:39:00,2025-01-01 21:55:00,BREAKDOWN,MECHANICAL_FAILURE,1500,424,1155,Standard
MAR-1153,Kenitra,"34.261,-6.5802",Tanger,"35.7595,-5.834",185.82,2025-01-02 02:34:00,2025-01-02 04:55:00,OK,NONE,0,524,1873,Standard
MAR-1154,Fes,"34.0331,-5.0003",Oujda,"34.6805,-1.9077",350.72,2025-01-01 10:46:00,2025-01-01 16:21:00,BREAKDOWN,MECHANICAL_FAILURE,1500,643,1308,Standard
MAR-1155,Casablanca,"33.5731,-7.5898",Nador,"35.1681,-2.9335",546.33,2025-01-02 04:21:00,2025-01-02 11:45:00,OK,NONE,0,487,986,High-Value
MAR-1156,Fes,"34.0331,-5.0003",Casablanca,"33.5731,-7.5898",291.93,2025-01-01 19:38:00,2025-01-01 23:38:00,BREAKDOWN,MECHANICAL_FAILURE,1500,768,1444,Perishable
MAR-1157,Kenitra,"34.261,-6.5802",Agadir,"30.4278,-9.5981",541.53,2025-01-01 10:52:00,2025-01-01 19:15:00,BREAKDOWN,MECHANICAL_FAILURE,1500,427,1891,Perishable
MAR-1158,Kenitra,"34.261,-6.5802",Fes,"34.0331,-5.0003",177.18,2025-01-01 14:26:00,2025-01-01 17:02:00,DELAY,WEATHER,1500,347,1185,Standard
MAR-1159,Marrakech,"31.6295,-7.9811",Fes,"34.0331,-5.0003",425.04,2025-01-02 00:28:00,2025-01-02 06:52:00,DELAY,TRAFFIC,1500,729,1239,Standard
MAR-1160,Oujda,"34.6805,-1.9077",Nador,"35.1681,-2.9335",126.07,2025-01-01 23:43:00,2025-01-02 02:18:00,DELAY,WEATHER,1500,726,1008,Standard
MAR-1161,Kenitra,"34.261,-6.5802",Oujda,"34.6805,-1.9077",520.73,2025-01-01 09:41:00,2025-01-01 17:26:00,OK,NONE,0,645,1293,Standard
MAR-1162,Agadir,"30.4278,-9.5981",Fes,"34.0331,-5.0003",648.55,2025-01-02 00:50:00,2025-01-02 10:29:00,BREAKDOWN,MECHANICAL_FAILURE,1500,360,1571,Perishable
MAR-1163,Nador,"35.1681,-2.9335",Kenitra,"34.261,-6.5802",417.12,2025-01-01 14:23:00,2025-01-01 20:26:00,DELAY,TRAFFIC,1500,646,1700,Standard
MAR-1164,Oujda,"34.6805,-1.9077",Marrakech,"31.6295,-7.9811",754.43,2025-01-01 10:46:00,2025-01-01 21:48:00,DELAY,TRAFFIC,1500,326,1341,High-Value
MAR-1165,Tanger,"35.7595,-5.834",Marrakech,"31.6295,-7.9811",516.68,2025-01-02 07:43:00,2025-01-02 16:05:00,OK,NONE,0,403,1500,Perishable
MAR-1166,Fes,"34.0331,-5.0003",Casablanca,"33.5731,-7.5898",291.93,2025-01-01 14:01:00,2025-01-01 18:28:00,DELAY,WEATHER,1500,628,1995,Perishable
MAR-1167,Casablanca,"33.5731,-7.5898",Marrakech,"31.6295,-7.9811",220.07,2025-01-01 13:32:00,2025-01-01 17:28:00,BREAKDOWN,MECHANICAL_FAILURE,1500,347,1754,Perishable
MAR-1168,Nador,"35.1681,-2.9335",Kenitra,"34.261,-6.5802",417.12,2025-01-01 14:09:00,2025-01-01 20:52:00,BREAKDOWN,MECHANICAL_FAILURE,1500,743,1819,High-Value
MAR-1169,Fes,"34.0331,-5.0003",Marrakech,"31.6295,-7.9811",425.04,2025-01-01 10:22:00,2025-01-01 17:04:00,DELAY,WEATHER,1500,517,1124,High-Value
MAR-1170,Casablanca,"33.5731,-7.5898",Nador,"35.1681,-2.9335",546.33,2025-01-01 17:33:00,2025-01-02 02:20:00,OK,NONE,0,557,1617,Standard
MAR-1171,Tanger,"35.7595,-5.834",Oujda,"34.6805,-1.9077",451.98,2025-01-02 07:42:00,2025-01-02 14:40:00,OK,NONE,0,724,1614,High-Value
MAR-1172,Oujda,"34.6805,-1.9077",Agadir,"30.4278,-9.5981",975.46,2025-01-01 10:14:00,2025-01-02 00:29:00,BREAKDOWN,MECHANICAL_FAILURE,1500,411,1441,Perishable
MAR-1173,Tanger,"35.7595,-5.834",Oujda,"34.6805,-1.9077",451.98,2025-01-01 09:58:00,2025-01-01 16:48:00,DELAY,WEATHER,1500,638,1734,Standard
MAR-1174,Fes,"34.0331,-5.0003",Casablanca,"33.5731,-7.5898",291.93,2025-01-01 23:48:00,2025-01-02 04:17:00,BREAKDOWN,MECHANICAL_FAILURE,1500,403,1257,High-Value
MAR-1175,Oujda,"34.6805,-1.9077",Tanger,"35.7595,-5.834",451.98,2025-01-01 12:19:00,2025-01-01 19:30:00,DELAY,TRAFFIC,1500,791,942,Standard
MAR-1176,Nador,"35.1681,-2.9335",Oujda,"34.6805,-1.9077",126.07,2025-01-02 00:57:00,2025-01-02 02:53:00,DELAY,TRAFFIC,1500,422,1165,Perishable
MAR-1177,Agadir,"30.4278,-9.5981",Fes,"34.0331,-5.0003",648.55,2025-01-01 18:28:00,2025-01-02 03:43:00,DELAY,TRAFFIC,1500,669,1128,Standard
MAR-1178,Nador,"35.1681,-2.9335",Kenitra,"34.261,-6.5802",417.12,2025-01-01 08:26:00,2025-01-01 14:26:00,BREAKDOWN,MECHANICAL_FAILURE,1500,668,2000,High-Value
MAR-1179,Casablanca,"33.5731,-7.5898",Fes,"34.0331,-5.0003",291.93,2025-01-01 16:18:00,2025-01-01 21:27:00,DELAY,TRAFFIC,1500,721,1691,Perishable
MAR-1180,Kenitra,"34.261,-6.5802",Agadir,"30.4278,-9.5981",541.53,2025-01-01 14:03:00,2025-01-01 21:26:00,DELAY,TRAFFIC,1500,398,977,High-Value
MAR-1181,Marrakech,"31.6295,-7.9811",Agadir,"30.4278,-9.5981",223.62,2025-01-01 20:18:00,2025-01-02 00:12:00,DELAY,WEATHER,1500,330,1090,High-Value
MAR-1182,Casablanca,"33.5731,-7.5898",Marrakech,"31.6295,-7.9811",220.07,2025-01-01 22:41:00,2025-01-02 01:29:00,OK,NONE,0,396,1698,High-Value
MAR-1183,Oujda,"34.6805,-1.9077",Nador,"35.1681,-2.9335",126.07,2025-01-01 13:29:00,2025-01-01 14:58:00,DELAY,WEATHER,1500,642,1051,Perishable
MAR-1184,Kenitra,"34.261,-6.5802",Oujda,"34.6805,-1.9077",520.73,2025-01-01 12:21:00,2025-01-01 20:47:00,DELAY,TRAFFIC,1500,601,1473,High-Value
MAR-1185,Tanger,"35.7595,-5.834",Marrakech,"31.6295,-7.9811",516.68,2025-01-02 02:15:00,2025-01-02 09:42:00,DELAY,TRAFFIC,1500,682,989,High-Value
MAR-1186,Agadir,"30.4278,-9.5981",Marrakech,"31.6295,-7.9811",223.62,2025-01-01 22:15:00,2025-01-02 01:59:00,OK,NONE,0,472,1936,Perishable
MAR-1187,Nador,"35.1681,-2.9335",Tanger,"35.7595,-5.834",328.58,2025-01-02 02:58:00,2025-01-02 07:51:00,DELAY,TRAFFIC,1500,702,1579,Standard
MAR-1188,Nador,"35.1681,-2.9335",Casablanca,"33.5731,-7.5898",546.33,2025-01-01 23:36:00,2025-01-02 07:53:00,BREAKDOWN,MECHANICAL_FAILURE,1500,448,1425,Standard
MAR-1189,Nador,"35.1681,-2.9335",Agadir,"30.4278,-9.5981",907.81,2025-01-01 11:18:00,2025-01-02 00:41:00,DELAY,WEATHER,1500,397,1745,Perishable
MAR-1190,Kenitra,"34.261,-6.5802",Marrakech,"31.6295,-7.9811",330.91,2025-01-01 11:32:00,2025-01-01 16:30:00,BREAKDOWN,MECHANICAL_FAILURE,1500,491,1206,High-Value
MAR-1191,Nador,"35.1681,-2.9335",Tanger,"35.7595,-5.834",328.58,2025-01-01 14:39:00,2025-01-01 20:12:00,DELAY,TRAFFIC,1500,613,1336,High-Value
MAR-1192,Fes,"34.0331,-5.0003",Marrakech,"31.6295,-7.9811",425.04,2025-01-01 19:56:00,2025-01-02 02:42:00,OK,NONE,0,795,1416,Standard
MAR-1193,Agadir,"30.4278,-9.5981",Oujda,"34.6805,-1.9077",975.46,2025-01-01 23:17:00,2025-01-02 12:50:00,BREAKDOWN,MECHANICAL_FAILURE,1500,600,1162,Perishable
MAR-1194,Marrakech,"31.6295,-7.9811",Oujda,"34.6805,-1.9077",754.43,2025-01-01 20:27:00,2025-01-02 07:01:00,OK,NONE,0,398,1604,Standard
MAR-1195,Agadir,"30.4278,-9.5981",Fes,"34.0331,-5.0003",648.55,2025-01-01 16:26:00,2025-01-02 01:21:00,DELAY,TRAFFIC,1500,738,1780,High-Value
MAR-1196,Casablanca,"33.5731,-7.5898",Kenitra,"34.261,-6.5802",135.61,2025-01-01 23:05:00,2025-01-02 01:18:00,DELAY,TRAFFIC,1500,639,1555,Standard
MAR-1197,Fes,"34.0331,-5.0003",Agadir,"30.4278,-9.5981",648.55,2025-01-02 04:25:00,2025-01-02 14:10:00,DELAY,WEATHER,1500,463,1499,Perishable
MAR-1198,Oujda,"34.6805,-1.9077",Nador,"35.1681,-2.9335",126.07,2025-01-01 18:50:00,2025-01-01 21:30:00,OK,NONE,0,426,1973,Standard
MAR-1199,Kenitra,"34.261,-6.5802",Casablanca,"33.5731,-7.5898",135.61,2025-01-02 00:32:00,2025-01-02 03:23:00,OK,NONE,0,315,1473,Perishable
MAR-1200,Casablanca,"33.5731,-7.5898",Fes,"34.0331,-5.0003",291.93,2025-01-02 03:35:00,2025-01-02 07:34:00,OK,NONE,0,792,1793,Perishable
MAR-1201,Fes,"34.0331,-5.0003",Casablanca,"33.5731,-7.5898",291.93,2025-01-01 19:00:00,2025-01-02 00:09:00,BREAKDOWN,MECHANICAL_FAILURE,1500,386,1563,Standard
MAR-1202,Nador,"35.1681,-2.9335",Oujda,"34.6805,-1.9077",126.07,2025-01-02 03:48:00,2025-01-02 05:22:00,BREAKDOWN,MECHANICAL_FAILURE,1500,641,1710,High-Value
MAR-1203,Fes,"34.0331,-5.0003",Casablanca,"33.5731,-7.5898",291.93,2025-01-02 06:30:00,2025-01-02 10:41:00,DELAY,WEATHER,1500,712,1281,Standard
MAR-1204,Oujda,"34.6805,-1.9077",Marrakech,"31.6295,-7.9811",754.43,2025-01-02 07:22:00,2025-01-02 17:56:00,OK,NONE,0,327,1723,Perishable
MAR-1205,Tanger,"35.7595,-5.834",Nador,"35.1681,-2.9335",328.58,2025-01-02 05:43:00,2025-01-02 11:19:00,OK,NONE,0,464,1276,Perishable
MAR-1206,Marrakech,"31.6295,-7.9811",Agadir,"30.4278,-9.5981",223.62,2025-01-01 08:52:00,2025-01-01 11:51:00,OK,NONE,0,655,1297,Perishable
MAR-1207,Casablanca,"33.5731,-7.5898",Oujda,"34.6805,-1.9077",642.58,2025-01-02 04:51:00,2025-01-02 14:39:00,DELAY,TRAFFIC,1500,619,1284,Standard
MAR-1208,Nador,"35.1681,-2.9335",Kenitra,"34.261,-6.5802",417.12,2025-01-01 21:22:00,2025-01-02 04:01:00,OK,NONE,0,734,1302,Standard
MAR-1209,Tanger,"35.7595,-5.834",Fes,"34.0331,-5.0003",212.81,2025-01-01 20:32:00,2025-01-01 23:17:00,OK,NONE,0,312,1176,Standard
MAR-1210,Nador,"35.1681,-2.9335",Kenitra,"34.261,-6.5802",417.12,2025-01-01 11:16:00,2025-01-01 16:51:00,DELAY,TRAFFIC,1500,549,1522,Standard
MAR-1211,Oujda,"34.6805,-1.9077",Marrakech,"31.6295,-7.9811",754.43,2025-01-01 11:13:00,2025-01-01 22:39:00,BREAKDOWN,MECHANICAL_FAILURE,1500,558,1508,High-Value
MAR-1212,Marrakech,"31.6295,-7.9811",Casablanca,"33.5731,-7.5898",220.07,2025-01-01 21:07:00,2025-01-01 23:52:00,DELAY,WEATHER,1500,417,966,Perishable
MAR-1213,Tanger,"35.7595,-5.834",Nador,"35.1681,-2.9335",328.58,2025-01-01 13:03:00,2025-01-01 17:25:00,OK,NONE,0,611,1496,Standard
MAR-1214,Fes,"34.0331,-5.0003",Kenitra,"34.261,-6.5802",177.18,2025-01-01 13:15:00,2025-01-01 15:57:00,BREAKDOWN,MECHANICAL_FAILURE,1500,529,1077,High-Value
MAR-1215,Kenitra,"34.261,-6.5802",Oujda,"34.6805,-1.9077",520.73,2025-01-02 05:48:00,2025-01-02 13:48:00,BREAKDOWN,MECHANICAL_FAILURE,1500,677,1791,Standard
MAR-1216,Marrakech,"31.6295,-7.9811",Fes,"34.0331,-5.0003",425.04,2025-01-01 21:22:00,2025-01-02 03:56:00,OK,NONE,0,689,1630,High-Value
MAR-1217,Oujda,"34.6805,-1.9077",Tanger,"35.7595,-5.834",451.98,2025-01-01 12:05:00,2025-01-01 18:26:00,DELAY,WEATHER,1500,702,1341,High-Value
MAR-1218,Fes,"34.0331,-5.0003",Kenitra,"34.261,-6.5802",177.18,2025-01-01 09:38:00,2025-01-01 12:48:00,OK,NONE,0,458,1486,High-Value
MAR-1219,Nador,"35.1681,-2.9335",Oujda,"34.6805,-1.9077",126.07,2025-01-02 00:58:00,2025-01-02 02:24:00,OK,NONE,0,672,1989,Standard
MAR-1220,Agadir,"30.4278,-9.5981",Fes,"34.0331,-5.0003",648.55,2025-01-01 10:40:00,2025-01-01 20:18:00,DELAY,WEATHER,1500,580,1415,Perishable
MAR-1221,Marrakech,"31.6295,-7.9811",Oujda,"34.6805,-1.9077",754.43,2025-01-02 00:18:00,2025-01-02 11:01:00,OK,NONE,0,535,1040,Perishable
MAR-1222,Casablanca,"33.5731,-7.5898",Tanger,"35.7595,-5.834",311.26,2025-01-01 18:41:00,2025-01-01 23:42:00,DELAY,TRAFFIC,1500,566,1778,Perishable
MAR-1223,Agadir,"30.4278,-9.5981",Oujda,"34.6805,-1.9077",975.46,2025-01-02 03:09:00,2025-01-02 17:41:00,BREAKDOWN,MECHANICAL_FAILURE,1500,562,1136,Standard
MAR-1224,Oujda,"34.6805,-1.9077",Fes,"34.0331,-5.0003",350.72,2025-01-02 05:40:00,2025-01-02 10:59:00,BREAKDOWN,MECHANICAL_FAILURE,1500,386,1067,High-Value
MAR-1225,Fes,"34.0331,-5.0003",Kenitra,"34.261,-6.5802",177.18,2025-01-01 19:01:00,2025-01-01 21:22:00,OK,NONE,0,605,1664,High-Value
MAR-1226,Oujda,"34.6805,-1.9077",Agadir,"30.4278,-9.5981",975.46,2025-01-01 17:51:00,2025-01-02 07:56:00,BREAKDOWN,MECHANICAL_FAILURE,1500,625,1374,Standard
MAR-1227,Marrakech,"31.6295,-7.9811",Casablanca,"33.5731,-7.5898",220.07,2025-01-01 11:22:00,2025-01-01 14:42:00,OK,NONE,0,491,1239,Perishable
MAR-1228,Agadir,"30.4278,-9.5981",Casablanca,"33.5731,-7.5898",414.23,2025-01-02 00:15:00,2025-01-02 05:45:00,BREAKDOWN,MECHANICAL_FAILURE,1500,671,1058,Perishable
MAR-1229,Fes,"34.0331,-5.0003",Agadir,"30.4278,-9.5981",648.55,2025-01-01 08:40:00,2025-01-01 18:41:00,DELAY,WEATHER,1500,438,1043,Perishable
MAR-1230,Fes,"34.0331,-5.0003",Tanger,"35.7595,-5.834",212.81,2025-01-01 13:56:00,2025-01-01 16:40:00,BREAKDOWN,MECHANICAL_FAILURE,1500,419,1286,Standard
MAR-1231,Marrakech,"31.6295,-7.9811",Nador,"35.1681,-2.9335",684.25,2025-01-01 17:50:00,2025-01-02 03:07:00,DELAY,TRAFFIC,1500,736,1384,Perishable
MAR-1232,Marrakech,"31.6295,-7.9811",Nador,"35.1681,-2.9335",684.25,2025-01-01 10:41:00,2025-01-01 20:28:00,OK,NONE,0,642,1916,Standard
MAR-1233,Tanger,"35.7595,-5.834",Casablanca,"33.5731,-7.5898",311.26,2025-01-02 01:22:00,2025-01-02 06:46:00,BREAKDOWN,MECHANICAL_FAILURE,1500,752,1051,Perishable
MAR-1234,Oujda,"34.6805,-1.9077",Tanger,"35.7595,-5.834",451.98,2025-01-01 10:20:00,2025-01-01 16:54:00,BREAKDOWN,MECHANICAL_FAILURE,1500,537,1309,Standard
MAR-1235,Oujda,"34.6805,-1.9077",Marrakech,"31.6295,-7.9811",754.43,2025-01-01 22:30:00,2025-01-02 10:10:00,OK,NONE,0,769,1529,High-Value
MAR-1236,Oujda,"34.6805,-1.9077",Agadir,"30.4278,-9.5981",975.46,2025-01-02 07:17:00,2025-01-02 21:56:00,OK,NONE,0,549,1940,High-Value
MAR-1237,Kenitra,"34.261,-6.5802",Nador,"35.1681,-2.9335",417.12,2025-01-01 10:31:00,2025-01-01 16:06:00,OK,NONE,0,655,1476,High-Value
MAR-1238,Fes,"34.0331,-5.0003",Agadir,"30.4278,-9.5981",648.55,2025-01-01 22:56:00,2025-01-02 07:58:00,OK,NONE,0,539,1299,High-Value
MAR-1239,Nador,"35.1681,-2.9335",Agadir,"30.4278,-9.5981",907.81,2025-01-02 01:40:00,2025-01-02 14:37:00,OK,NONE,0,719,911,Perishable
MAR-1240,Oujda,"34.6805,-1.9077",Marrakech,"31.6295,-7.9811",754.43,2025-01-01 08:31:00,2025-01-01 19:15:00,DELAY,TRAFFIC,1500,630,1237,Standard
MAR-1241,Tanger,"35.7595,-5.834",Marrakech,"31.6295,-7.9811",516.68,2025-01-01 09:31:00,2025-01-01 17:16:00,OK,NONE,0,690,994,Perishable
MAR-1242,Nador,"35.1681,-2.9335",Oujda,"34.6805,-1.9077",126.07,2025-01-01 15:51:00,2025-01-01 17:49:00,OK,NONE,0,725,1034,Standard
MAR-1243,Tanger,"35.7595,-5.834",Kenitra,"34.261,-6.5802",185.82,2025-01-01 21:16:00,2025-01-01 23:54:00,DELAY,TRAFFIC,1500,787,1633,Perishable
MAR-1244,Nador,"35.1681,-2.9335",Oujda,"34.6805,-1.9077",126.07,2025-01-02 04:38:00,2025-01-02 06:12:00,DELAY,TRAFFIC,1500,433,1260,Perishable
MAR-1245,Agadir,"30.4278,-9.5981",Fes,"34.0331,-5.0003",648.55,2025-01-01 20:45:00,2025-01-02 06:30:00,OK,NONE,0,760,1416,Perishable
MAR-1246,Casablanca,"33.5731,-7.5898",Fes,"34.0331,-5.0003",291.93,2025-01-02 00:19:00,2025-01-02 04:36:00,BREAKDOWN,MECHANICAL_FAILURE,1500,773,1470,Standard
MAR-1247,Oujda,"34.6805,-1.9077",Agadir,"30.4278,-9.5981",975.46,2025-01-02 02:38:00,2025-01-02 17:09:00,DELAY,TRAFFIC,1500,369,1787,Standard
MAR-1248,Nador,"35.1681,-2.9335",Oujda,"34.6805,-1.9077",126.07,2025-01-01 17:48:00,2025-01-01 20:07:00,DELAY,TRAFFIC,1500,308,1621,Standard
MAR-1249,Agadir,"30.4278,-9.5981",Fes,"34.0331,-5.0003",648.55,2025-01-01 20:03:00,2025-01-02 05:43:00,BREAKDOWN,MECHANICAL_FAILURE,1500,731,1177,Standard
MAR-1250,Casablanca,"33.5731,-7.5898",Kenitra,"34.261,-6.5802",135.61,2025-01-01 17:52:00,2025-01-01 20:11:00,DELAY,TRAFFIC,1500,558,1700,High-Value
MAR-1251,Nador,"35.1681,-2.9335",Oujda,"34.6805,-1.9077",126.07,2025-01-01 22:53:00,2025-01-02 00:58:00,DELAY,WEATHER,1500,335,1476,High-Value
MAR-1252,Marrakech,"31.6295,-7.9811",Agadir,"30.4278,-9.5981",223.62,2025-01-02 02:50:00,2025-01-02 06:39:00,BREAKDOWN,MECHANICAL_FAILURE,1500,538,1378,Perishable
MAR-1253,Marrakech,"31.6295,-7.9811",Nador,"35.1681,-2.9335",684.25,2025-01-01 09:43:00,2025-01-01 19:58:00,OK,NONE,0,648,1953,High-Value
MAR-1254,Kenitra,"34.261,-6.5802",Marrakech,"31.6295,-7.9811",330.91,2025-01-01 14:54:00,2025-01-01 19:41:00,BREAKDOWN,MECHANICAL_FAILURE,1500,339,1469,High-Value
MAR-1255,Fes,"34.0331,-5.0003",Oujda,"34.6805,-1.9077",350.72,2025-01-01 08:46:00,2025-01-01 14:37:00,OK,NONE,0,633,1393,Standard
MAR-1256,Marrakech,"31.6295,-7.9811",Fes,"34.0331,-5.0003",425.04,2025-01-01 11:59:00,2025-01-01 18:33:00,OK,NONE,0,723,1544,High-Value
MAR-1257,Marrakech,"31.6295,-7.9811",Casablanca,"33.5731,-7.5898",220.07,2025-01-01 09:01:00,2025-01-01 12:10:00,DELAY,WEATHER,1500,710,1466,High-Value
MAR-1258,Agadir,"30.4278,-9.5981",Fes,"34.0331,-5.0003",648.55,2025-01-01 12:39:00,2025-01-01 22:54:00,OK,NONE,0,335,1473,Perishable
MAR-1259,Oujda,"34.6805,-1.9077",Nador,"35.1681,-2.9335",126.07,2025-01-01 20:00:00,2025-01-01 21:42:00,BREAKDOWN,MECHANICAL_FAILURE,1500,572,1708,Perishable
MAR-1260,Oujda,"34.6805,-1.9077",Tanger,"35.7595,-5.834",451.98,2025-01-01 11:43:00,2025-01-01 18:56:00,OK,NONE,0,395,1029,Perishable
MAR-1261,Nador,"35.1681,-2.9335",Kenitra,"34.261,-6.5802",417.12,2025-01-01 14:00:00,2025-01-01 19:35:00,DELAY,TRAFFIC,1500,410,1136,High-Value
MAR-1262,Kenitra,"34.261,-6.5802",Nador,"35.1681,-2.9335",417.12,2025-01-01 21:19:00,2025-01-02 02:52:00,BREAKDOWN,MECHANICAL_FAILURE,1500,612,909,Perishable
MAR-1263,Casablanca,"33.5731,-7.5898",Oujda,"34.6805,-1.9077",642.58,2025-01-01 17:26:00,2025-01-02 02:34:00,BREAKDOWN,MECHANICAL_FAILURE,1500,532,1545,Perishable
MAR-1264,Oujda,"34.6805,-1.9077",Nador,"35.1681,-2.9335",126.07,2025-01-02 05:21:00,2025-01-02 06:40:00,OK,NONE,0,630,1388,Standard
MAR-1265,Tanger,"35.7595,-5.834",Fes,"34.0331,-5.0003",212.81,2025-01-01 17:20:00,2025-01-01 20:45:00,OK,NONE,0,488,1390,High-Value
MAR-1266,Casablanca,"33.5731,-7.5898",Fes,"34.0331,-5.0003",291.93,2025-01-01 13:50:00,2025-01-01 17:54:00,DELAY,WEATHER,1500,396,1371,High-Value
MAR-1267,Kenitra,"34.261,-6.5802",Tanger,"35.7595,-5.834",185.82,2025-01-01 16:21:00,2025-01-01 18:38:00,DELAY,TRAFFIC,1500,534,1466,Standard
MAR-1268,Fes,"34.0331,-5.0003",Agadir,"30.4278,-9.5981",648.55,2025-01-01 15:39:00,2025-01-02 01:11:00,BREAKDOWN,MECHANICAL_FAILURE,1500,485,923,Standard
MAR-1269,Fes,"34.0331,-5.0003",Oujda,"34.6805,-1.9077",350.72,2025-01-01 13:55:00,2025-01-01 19:34:00,DELAY,WEATHER,1500,697,1718,High-Value
MAR-1270,Nador,"35.1681,-2.9335",Casablanca,"33.5731,-7.5898",546.33,2025-01-01 16:40:00,2025-01-02 00:38:00,BREAKDOWN,MECHANICAL_FAILURE,1500,709,1654,Perishable
MAR-1271,Casablanca,"33.5731,-7.5898",Tanger,"35.7595,-5.834",311.26,2025-01-01 16:04:00,2025-01-01 20:07:00,OK,NONE,0,685,1174,Standard
MAR-1272,Agadir,"30.4278,-9.5981",Kenitra,"34.261,-6.5802",541.53,2025-01-02 00:01:00,2025-01-02 07:59:00,OK,NONE,0,708,1598,Standard
MAR-1273,Tanger,"35.7595,-5.834",Marrakech,"31.6295,-7.9811",516.68,2025-01-01 11:26:00,2025-01-01 18:38:00,OK,NONE,0,722,1297,High-Value
MAR-1274,Agadir,"30.4278,-9.5981",Marrakech,"31.6295,-7.9811",223.62,2025-01-02 02:04:00,2025-01-02 05:43:00,BREAKDOWN,MECHANICAL_FAILURE,1500,713,1782,Perishable
MAR-1275,Casablanca,"33.5731,-7.5898",Tanger,"35.7595,-5.834",311.26,2025-01-01 21:09:00,2025-01-02 01:50:00,BREAKDOWN,MECHANICAL_FAILURE,1500,572,1275,Standard
MAR-1276,Kenitra,"34.261,-6.5802",Tanger,"35.7595,-5.834",185.82,2025-01-01 11:15:00,2025-01-01 14:14:00,DELAY,WEATHER,1500,381,1785,Perishable
MAR-1277,Kenitra,"34.261,-6.5802",Nador,"35.1681,-2.9335",417.12,2025-01-01 14:26:00,2025-01-01 21:11:00,BREAKDOWN,MECHANICAL_FAILURE,1500,420,1229,Perishable
MAR-1278,Fes,"34.0331,-5.0003",Agadir,"30.4278,-9.5981",648.55,2025-01-01 19:22:00,2025-01-02 05:03:00,BREAKDOWN,MECHANICAL_FAILURE,1500,338,1385,Standard
MAR-1279,Casablanca,"33.5731,-7.5898",Fes,"34.0331,-5.0003",291.93,2025-01-01 22:35:00,2025-01-02 02:36:00,BREAKDOWN,MECHANICAL_FAILURE,1500,606,1587,High-Value
MAR-1280,Marrakech,"31.6295,-7.9811",Agadir,"30.4278,-9.5981",223.62,2025-01-01 16:12:00,2025-01-01 19:57:00,BREAKDOWN,MECHANICAL_FAILURE,1500,346,1935,Standard
MAR-1281,Nador,"35.1681,-2.9335",Tanger,"35.7595,-5.834",328.58,2025-01-01 10:05:00,2025-01-01 15:14:00,OK,NONE,0,652,1820,High-Value
MAR-1282,Tanger,"35.7595,-5.834",Nador,"35.1681,-2.9335",328.58,2025-01-01 13:30:00,2025-01-01 18:31:00,DELAY,WEATHER,1500,435,1354,Perishable
MAR-1283,Agadir,"30.4278,-9.5981",Tanger,"35.7595,-5.834",724.44,2025-01-01 10:17:00,2025-01-01 20:36:00,DELAY,WEATHER,1500,662,926,High-Value
MAR-1284,Agadir,"30.4278,-9.5981",Tanger,"35.7595,-5.834",724.44,2025-01-01 12:46:00,2025-01-01 23:04:00,BREAKDOWN,MECHANICAL_FAILURE,1500,730,1445,Perishable
MAR-1285,Agadir,"30.4278,-9.5981",Casablanca,"33.5731,-7.5898",414.23,2025-01-01 20:23:00,2025-01-02 03:05:00,BREAKDOWN,MECHANICAL_FAILURE,1500,795,1401,High-Value
MAR-1286,Nador,"35.1681,-2.9335",Agadir,"30.4278,-9.5981",907.81,2025-01-01 10:03:00,2025-01-01 23:16:00,DELAY,WEATHER,1500,380,1575,High-Value
MAR-1287,Oujda,"34.6805,-1.9077",Fes,"34.0331,-5.0003",350.72,2025-01-01 18:52:00,2025-01-01 23:37:00,DELAY,WEATHER,1500,506,1973,Standard
MAR-1288,Agadir,"30.4278,-9.5981",Fes,"34.0331,-5.0003",648.55,2025-01-01 09:23:00,2025-01-01 18:46:00,BREAKDOWN,MECHANICAL_FAILURE,1500,765,1357,High-Value
MAR-1289,Marrakech,"31.6295,-7.9811",Oujda,"34.6805,-1.9077",754.43,2025-01-02 01:28:00,2025-01-02 12:11:00,OK,NONE,0,755,1869,Standard
MAR-1290,Tanger,"35.7595,-5.834",Marrakech,"31.6295,-7.9811",516.68,2025-01-01 11:52:00,2025-01-01 19:50:00,DELAY,WEATHER,1500,484,1145,Standard
MAR-1291,Oujda,"34.6805,-1.9077",Nador,"35.1681,-2.9335",126.07,2025-01-01 11:58:00,2025-01-01 13:45:00,DELAY,WEATHER,1500,490,1725,Standard
MAR-1292,Marrakech,"31.6295,-7.9811",Kenitra,"34.261,-6.5802",330.91,2025-01-02 06:06:00,2025-01-02 11:47:00,DELAY,WEATHER,1500,682,1412,Perishable
MAR-1293,Tanger,"35.7595,-5.834",Casablanca,"33.5731,-7.5898",311.26,2025-01-01 23:51:00,2025-01-02 04:44:00,OK,NONE,0,699,1217,High-Value
MAR-1294,Oujda,"34.6805,-1.9077",Marrakech,"31.6295,-7.9811",754.43,2025-01-02 03:47:00,2025-01-02 14:48:00,DELAY,WEATHER,1500,404,1667,Perishable
MAR-1295,Kenitra,"34.261,-6.5802",Oujda,"34.6805,-1.9077",520.73,2025-01-02 04:57:00,2025-01-02 12:33:00,DELAY,TRAFFIC,1500,586,1868,High-Value
MAR-1296,Agadir,"30.4278,-9.5981",Casablanca,"33.5731,-7.5898",414.23,2025-01-01 17:45:00,2025-01-01 23:44:00,BREAKDOWN,MECHANICAL_FAILURE,1500,434,1535,High-Value
MAR-1297,Nador,"35.1681,-2.9335",Fes,"34.0331,-5.0003",261.73,2025-01-01 08:41:00,2025-01-01 12:37:00,OK,NONE,0,517,1556,Standard
MAR-1298,Agadir,"30.4278,-9.5981",Nador,"35.1681,-2.9335",907.81,2025-01-02 03:30:00,2025-01-02 16:25:00,BREAKDOWN,MECHANICAL_FAILURE,1500,467,993,High-Value
MAR-1299,Marrakech,"31.6295,-7.9811",Tanger,"35.7595,-5.834",516.68,2025-01-01 18:59:00,2025-01-02 02:17:00,DELAY,WEATHER,1500,678,1847,High-Value
MAR-1300,Tanger,"35.7595,-5.834",Fes,"34.0331,-5.0003",212.81,2025-01-01 11:54:00,2025-01-01 14:56:00,DELAY,WEATHER,1500,553,1140,Perishable
MAR-1301,Agadir,"30.4278,-9.5981",Tanger,"35.7595,-5.834",724.44,2025-01-01 20:33:00,2025-01-02 06:41:00,DELAY,TRAFFIC,1500,512,1270,Standard
MAR-1302,Agadir,"30.4278,-9.5981",Nador,"35.1681,-2.9335",907.81,2025-01-01 22:55:00,2025-01-02 11:36:00,DELAY,TRAFFIC,1500,377,1668,Standard
MAR-1303,Nador,"35.1681,-2.9335",Kenitra,"34.261,-6.5802",417.12,2025-01-01 15:23:00,2025-01-01 21:55:00,DELAY,TRAFFIC,1500,670,1116,Standard
MAR-1304,Agadir,"30.4278,-9.5981",Kenitra,"34.261,-6.5802",541.53,2025-01-01 20:31:00,2025-01-02 04:47:00,BREAKDOWN,MECHANICAL_FAILURE,1500,644,1850,Perishable
MAR-1305,Fes,"34.0331,-5.0003",Marrakech,"31.6295,-7.9811",425.04,2025-01-01 12:40:00,2025-01-01 18:18:00,OK,NONE,0,637,990,High-Value
MAR-1306,Nador,"35.1681,-2.9335",Marrakech,"31.6295,-7.9811",684.25,2025-01-02 00:08:00,2025-01-02 10:12:00,OK,NONE,0,549,1292,Standard
MAR-1307,Oujda,"34.6805,-1.9077",Tanger,"35.7595,-5.834",451.98,2025-01-01 16:10:00,2025-01-01 22:41:00,DELAY,TRAFFIC,1500,745,1976,Perishable
MAR-1308,Casablanca,"33.5731,-7.5898",Agadir,"30.4278,-9.5981",414.23,2025-01-01 10:27:00,2025-01-01 16:53:00,BREAKDOWN,MECHANICAL_FAILURE,1500,770,1115,Standard
MAR-1309,Marrakech,"31.6295,-7.9811",Oujda,"34.6805,-1.9077",754.43,2025-01-01 08:24:00,2025-01-01 19:26:00,DELAY,WEATHER,1500,528,1930,High-Value
MAR-1310,Fes,"34.0331,-5.0003",Marrakech,"31.6295,-7.9811",425.04,2025-01-01 20:22:00,2025-01-02 03:15:00,DELAY,TRAFFIC,1500,518,1401,High-Value
MAR-1311,Fes,"34.0331,-5.0003",Oujda,"34.6805,-1.9077",350.72,2025-01-02 07:04:00,2025-01-02 11:43:00,OK,NONE,0,471,1430,Standard
MAR-1312,Agadir,"30.4278,-9.5981",Marrakech,"31.6295,-7.9811",223.62,2025-01-02 07:28:00,2025-01-02 11:32:00,BREAKDOWN,MECHANICAL_FAILURE,1500,761,1365,Standard
MAR-1313,Kenitra,"34.261,-6.5802",Fes,"34.0331,-5.0003",177.18,2025-01-01 14:24:00,2025-01-01 17:28:00,BREAKDOWN,MECHANICAL_FAILURE,1500,653,1778,Perishable
MAR-1314,Casablanca,"33.5731,-7.5898",Nador,"35.1681,-2.9335",546.33,2025-01-02 02:53:00,2025-01-02 10:15:00,BREAKDOWN,MECHANICAL_FAILURE,1500,744,1183,Perishable
MAR-1315,Tanger,"35.7595,-5.834",Nador,"35.1681,-2.9335",328.58,2025-01-01 12:20:00,2025-01-01 17:02:00,DELAY,WEATHER,1500,583,1207,Perishable
MAR-1316,Casablanca,"33.5731,-7.5898",Kenitra,"34.261,-6.5802",135.61,2025-01-01 18:28:00,2025-01-01 20:36:00,OK,NONE,0,742,1897,Perishable
MAR-1317,Nador,"35.1681,-2.9335",Casablanca,"33.5731,-7.5898",546.33,2025-01-02 01:59:00,2025-01-02 10:35:00,OK,NONE,0,539,1580,Perishable
MAR-1318,Oujda,"34.6805,-1.9077",Casablanca,"33.5731,-7.5898",642.58,2025-01-01 10:50:00,2025-01-01 20:11:00,DELAY,TRAFFIC,1500,493,1204,High-Value
MAR-1319,Agadir,"30.4278,-9.5981",Tanger,"35.7595,-5.834",724.44,2025-01-01 22:42:00,2025-01-02 09:47:00,DELAY,WEATHER,1500,653,1929,High-Value
MAR-1320,Kenitra,"34.261,-6.5802",Tanger,"35.7595,-5.834",185.82,2025-01-01 22:15:00,2025-01-02 01:44:00,BREAKDOWN,MECHANICAL_FAILURE,1500,331,1724,Standard
MAR-1321,Fes,"34.0331,-5.0003",Kenitra,"34.261,-6.5802",177.18,2025-01-01 16:03:00,2025-01-01 18:31:00,OK,NONE,0,310,974,Standard
MAR-1322,Oujda,"34.6805,-1.9077",Agadir,"30.4278,-9.5981",975.46,2025-01-01 13:36:00,2025-01-02 03:49:00,DELAY,TRAFFIC,1500,473,931,Perishable
MAR-1323,Kenitra,"34.261,-6.5802",Oujda,"34.6805,-1.9077",520.73,2025-01-02 04:44:00,2025-01-02 12:30:00,DELAY,TRAFFIC,1500,312,914,High-Value
MAR-1324,Agadir,"30.4278,-9.5981",Casablanca,"33.5731,-7.5898",414.23,2025-01-01 18:25:00,2025-01-01 23:59:00,DELAY,TRAFFIC,1500,378,1709,Standard
MAR-1325,Nador,"35.1681,-2.9335",Marrakech,"31.6295,-7.9811",684.25,2025-01-01 20:23:00,2025-01-02 06:43:00,OK,NONE,0,582,1124,Standard
MAR-1326,Nador,"35.1681,-2.9335",Kenitra,"34.261,-6.5802",417.12,2025-01-02 02:58:00,2025-01-02 08:55:00,OK,NONE,0,680,1667,Standard
MAR-1327,Fes,"34.0331,-5.0003",Agadir,"30.4278,-9.5981",648.55,2025-01-01 17:12:00,2025-01-02 03:19:00,BREAKDOWN,MECHANICAL_FAILURE,1500,371,1629,Perishable
MAR-1328,Agadir,"30.4278,-9.5981",Tanger,"35.7595,-5.834",724.44,2025-01-02 07:55:00,2025-01-02 17:55:00,OK,NONE,0,557,935,Standard
MAR-1329,Agadir,"30.4278,-9.5981",Oujda,"34.6805,-1.9077",975.46,2025-01-02 03:13:00,2025-01-02 17:28:00,OK,NONE,0,797,1524,Perishable
MAR-1330,Fes,"34.0331,-5.0003",Kenitra,"34.261,-6.5802",177.18,2025-01-01 14:21:00,2025-01-01 17:47:00,OK,NONE,0,331,1364,Perishable
MAR-1331,Agadir,"30.4278,-9.5981",Nador,"35.1681,-2.9335",907.81,2025-01-02 03:13:00,2025-01-02 16:26:00,DELAY,WEATHER,1500,512,1669,Standard
MAR-1332,Fes,"34.0331,-5.0003",Tanger,"35.7595,-5.834",212.81,2025-01-01 09:41:00,2025-01-01 13:18:00,BREAKDOWN,MECHANICAL_FAILURE,1500,736,1863,Standard
MAR-1333,Fes,"34.0331,-5.0003",Nador,"35.1681,-2.9335",261.73,2025-01-01 22:44:00,2025-01-02 03:07:00,BREAKDOWN,MECHANICAL_FAILURE,1500,787,1247,High-Value
MAR-1334,Oujda,"34.6805,-1.9077",Kenitra,"34.261,-6.5802",520.73,2025-01-02 03:22:00,2025-01-02 11:45:00,BREAKDOWN,MECHANICAL_FAILURE,1500,552,1216,Standard
MAR-1335,Marrakech,"31.6295,-7.9811",Casablanca,"33.5731,-7.5898",220.07,2025-01-01 22:14:00,2025-01-02 02:15:00,DELAY,WEATHER,1500,470,991,Standard
MAR-1336,Casablanca,"33.5731,-7.5898",Marrakech,"31.6295,-7.9811",220.07,2025-01-01 09:21:00,2025-01-01 13:28:00,BREAKDOWN,MECHANICAL_FAILURE,1500,372,1873,Perishable
MAR-1337,Fes,"34.0331,-5.0003",Nador,"35.1681,-2.9335",261.73,2025-01-01 11:06:00,2025-01-01 15:09:00,DELAY,WEATHER,1500,560,1180,Perishable
MAR-1338,Fes,"34.0331,-5.0003",Agadir,"30.4278,-9.5981",648.55,2025-01-01 17:36:00,2025-01-02 02:58:00,BREAKDOWN,MECHANICAL_FAILURE,1500,451,1726,Perishable
MAR-1339,Kenitra,"34.261,-6.5802",Marrakech,"31.6295,-7.9811",330.91,2025-01-02 07:06:00,2025-01-02 11:47:00,BREAKDOWN,MECHANICAL_FAILURE,1500,758,1079,High-Value
MAR-1340,Oujda,"34.6805,-1.9077",Marrakech,"31.6295,-7.9811",754.43,2025-01-02 06:32:00,2025-01-02 16:59:00,OK,NONE,0,590,1534,Standard
MAR-1341,Casablanca,"33.5731,-7.5898",Kenitra,"34.261,-6.5802",135.61,2025-01-02 04:03:00,2025-01-02 05:45:00,DELAY,WEATHER,1500,725,1920,Perishable
MAR-1342,Nador,"35.1681,-2.9335",Casablanca,"33.5731,-7.5898",546.33,2025-01-01 18:36:00,2025-01-02 03:22:00,OK,NONE,0,603,1856,High-Value
MAR-1343,Casablanca,"33.5731,-7.5898",Kenitra,"34.261,-6.5802",135.61,2025-01-01 23:12:00,2025-01-02 00:44:00,BREAKDOWN,MECHANICAL_FAILURE,1500,473,1199,High-Value
MAR-1344,Casablanca,"33.5731,-7.5898",Marrakech,"31.6295,-7.9811",220.07,2025-01-01 23:27:00,2025-01-02 02:19:00,DELAY,WEATHER,1500,705,1949,High-Value
MAR-1345,Agadir,"30.4278,-9.5981",Casablanca,"33.5731,-7.5898",414.23,2025-01-01 21:46:00,2025-01-02 04:00:00,DELAY,WEATHER,1500,657,1621,Perishable
MAR-1346,Nador,"35.1681,-2.9335",Tanger,"35.7595,-5.834",328.58,2025-01-01 15:56:00,2025-01-01 20:12:00,DELAY,TRAFFIC,1500,494,1825,Standard
MAR-1347,Kenitra,"34.261,-6.5802",Oujda,"34.6805,-1.9077",520.73,2025-01-02 00:58:00,2025-01-02 09:19:00,OK,NONE,0,499,1608,Standard
MAR-1348,Nador,"35.1681,-2.9335",Agadir,"30.4278,-9.5981",907.81,2025-01-01 13:01:00,2025-01-02 02:15:00,DELAY,WEATHER,1500,638,1650,Standard
MAR-1349,Fes,"34.0331,-5.0003",Kenitra,"34.261,-6.5802",177.18,2025-01-01 21:07:00,2025-01-01 23:28:00,DELAY,TRAFFIC,1500,781,1780,High-Value
MAR-1350,Tanger,"35.7595,-5.834",Oujda,"34.6805,-1.9077",451.98,2025-01-02 01:10:00,2025-01-02 08:34:00,OK,NONE,0,354,1162,Standard
MAR-1351,Nador,"35.1681,-2.9335",Kenitra,"34.261,-6.5802",417.12,2025-01-01 23:31:00,2025-01-02 05:06:00,BREAKDOWN,MECHANICAL_FAILURE,1500,765,1638,Perishable
MAR-1352,Marrakech,"31.6295,-7.9811",Nador,"35.1681,-2.9335",684.25,2025-01-01 08:07:00,2025-01-01 18:03:00,OK,NONE,0,619,1549,Perishable
MAR-1353,Agadir,"30.4278,-9.5981",Marrakech,"31.6295,-7.9811",223.62,2025-01-01 17:09:00,2025-01-01 20:38:00,BREAKDOWN,MECHANICAL_FAILURE,1500,343,1467,Standard
MAR-1354,Casablanca,"33.5731,-7.5898",Tanger,"35.7595,-5.834",311.26,2025-01-02 03:35:00,2025-01-02 08:40:00,OK,NONE,0,394,1528,Perishable
MAR-1355,Casablanca,"33.5731,-7.5898",Agadir,"30.4278,-9.5981",414.23,2025-01-02 02:31:00,2025-01-02 08:16:00,DELAY,TRAFFIC,1500,369,1661,Standard
MAR-1356,Fes,"34.0331,-5.0003",Kenitra,"34.261,-6.5802",177.18,2025-01-01 19:34:00,2025-01-01 22:08:00,OK,NONE,0,342,908,Standard
MAR-1357,Oujda,"34.6805,-1.9077",Tanger,"35.7595,-5.834",451.98,2025-01-01 20:42:00,2025-01-02 03:11:00,OK,NONE,0,413,914,Standard
MAR-1358,Nador,"35.1681,-2.9335",Marrakech,"31.6295,-7.9811",684.25,2025-01-02 01:39:00,2025-01-02 12:25:00,BREAKDOWN,MECHANICAL_FAILURE,1500,655,1062,Standard
MAR-1359,Fes,"34.0331,-5.0003",Oujda,"34.6805,-1.9077",350.72,2025-01-01 10:05:00,2025-01-01 15:52:00,BREAKDOWN,MECHANICAL_FAILURE,1500,482,1881,High-Value
MAR-1360,Fes,"34.0331,-5.0003",Tanger,"35.7595,-5.834",212.81,2025-01-01 22:00:00,2025-01-02 01:36:00,DELAY,WEATHER,1500,552,1251,High-Value
MAR-1361,Nador,"35.1681,-2.9335",Kenitra,"34.261,-6.5802",417.12,2025-01-02 07:59:00,2025-01-02 14:21:00,DELAY,WEATHER,1500,688,1498,High-Value
MAR-1362,Marrakech,"31.6295,-7.9811",Agadir,"30.4278,-9.5981",223.62,2025-01-01 13:10:00,2025-01-01 15:57:00,DELAY,WEATHER,1500,572,1435,Standard
MAR-1363,Tanger,"35.7595,-5.834",Nador,"35.1681,-2.9335",328.58,2025-01-01 13:49:00,2025-01-01 19:01:00,DELAY,TRAFFIC,1500,577,1201,Perishable
MAR-1364,Oujda,"34.6805,-1.9077",Agadir,"30.4278,-9.5981",975.46,2025-01-01 16:40:00,2025-01-02 06:17:00,BREAKDOWN,MECHANICAL_FAILURE,1500,419,1279,Perishable
MAR-1365,Oujda,"34.6805,-1.9077",Tanger,"35.7595,-5.834",451.98,2025-01-02 01:01:00,2025-01-02 07:23:00,OK,NONE,0,689,1851,Perishable
MAR-1366,Casablanca,"33.5731,-7.5898",Oujda,"34.6805,-1.9077",642.58,2025-01-01 10:59:00,2025-01-01 20:13:00,DELAY,WEATHER,1500,421,1926,Perishable
MAR-1367,Marrakech,"31.6295,-7.9811",Agadir,"30.4278,-9.5981",223.62,2025-01-01 14:42:00,2025-01-01 17:56:00,BREAKDOWN,MECHANICAL_FAILURE,1500,461,1947,High-Value
MAR-1368,Casablanca,"33.5731,-7.5898",Oujda,"34.6805,-1.9077",642.58,2025-01-02 00:32:00,2025-01-02 09:59:00,BREAKDOWN,MECHANICAL_FAILURE,1500,374,1004,Standard
MAR-1369,Marrakech,"31.6295,-7.9811",Fes,"34.0331,-5.0003",425.04,2025-01-02 04:37:00,2025-01-02 10:13:00,OK,NONE,0,715,1352,Standard
MAR-1370,Marrakech,"31.6295,-7.9811",Casablanca,"33.5731,-7.5898",220.07,2025-01-01 09:05:00,2025-01-01 12:24:00,BREAKDOWN,MECHANICAL_FAILURE,1500,659,1924,Standard
MAR-1371,Oujda,"34.6805,-1.9077",Fes,"34.0331,-5.0003",350.72,2025-01-02 02:09:00,2025-01-02 06:51:00,DELAY,TRAFFIC,1500,692,1035,Perishable
MAR-1372,Oujda,"34.6805,-1.9077",Fes,"34.0331,-5.0003",350.72,2025-01-01 13:00:00,2025-01-01 18:47:00,BREAKDOWN,MECHANICAL_FAILURE,1500,778,1357,Perishable
MAR-1373,Marrakech,"31.6295,-7.9811",Tanger,"35.7595,-5.834",516.68,2025-01-01 15:54:00,2025-01-01 23:08:00,BREAKDOWN,MECHANICAL_FAILURE,1500,625,1885,High-Value
MAR-1374,Oujda,"34.6805,-1.9077",Nador,"35.1681,-2.9335",126.07,2025-01-01 11:29:00,2025-01-01 13:07:00,DELAY,TRAFFIC,1500,449,1145,Standard
MAR-1375,Agadir,"30.4278,-9.5981",Nador,"35.1681,-2.9335",907.81,2025-01-01 08:35:00,2025-01-01 22:08:00,BREAKDOWN,MECHANICAL_FAILURE,1500,747,1071,Perishable
MAR-1376,Agadir,"30.4278,-9.5981",Oujda,"34.6805,-1.9077",975.46,2025-01-01 13:13:00,2025-01-02 03:10:00,DELAY,TRAFFIC,1500,706,1612,Standard
MAR-1377,Marrakech,"31.6295,-7.9811",Kenitra,"34.261,-6.5802",330.91,2025-01-01 10:50:00,2025-01-01 15:57:00,BREAKDOWN,MECHANICAL_FAILURE,1500,729,1633,Standard
MAR-1378,Nador,"35.1681,-2.9335",Casablanca,"33.5731,-7.5898",546.33,2025-01-02 07:04:00,2025-01-02 14:40:00,DELAY,WEATHER,1500,378,1341,High-Value
MAR-1379,Marrakech,"31.6295,-7.9811",Casablanca,"33.5731,-7.5898",220.07,2025-01-02 06:42:00,2025-01-02 09:21:00,OK,NONE,0,588,1507,Perishable
MAR-1380,Casablanca,"33.5731,-7.5898",Agadir,"30.4278,-9.5981",414.23,2025-01-01 12:59:00,2025-01-01 18:37:00,OK,NONE,0,553,1061,Perishable
MAR-1381,Agadir,"30.4278,-9.5981",Nador,"35.1681,-2.9335",907.81,2025-01-01 20:07:00,2025-01-02 10:05:00,BREAKDOWN,MECHANICAL_FAILURE,1500,669,1904,High-Value
MAR-1382,Oujda,"34.6805,-1.9077",Kenitra,"34.261,-6.5802",520.73,2025-01-02 07:24:00,2025-01-02 15:35:00,BREAKDOWN,MECHANICAL_FAILURE,1500,654,1181,Perishable
MAR-1383,Tanger,"35.7595,-5.834",Kenitra,"34.261,-6.5802",185.82,2025-01-01 23:54:00,2025-01-02 02:25:00,BREAKDOWN,MECHANICAL_FAILURE,1500,789,1395,Perishable
MAR-1384,Tanger,"35.7595,-5.834",Oujda,"34.6805,-1.9077",451.98,2025-01-01 13:07:00,2025-01-01 20:01:00,BREAKDOWN,MECHANICAL_FAILURE,1500,599,1309,Standard
MAR-1385,Marrakech,"31.6295,-7.9811",Casablanca,"33.5731,-7.5898",220.07,2025-01-01 08:13:00,2025-01-01 12:10:00,BREAKDOWN,MECHANICAL_FAILURE,1500,498,1278,High-Value
MAR-1386,Casablanca,"33.5731,-7.5898",Fes,"34.0331,-5.0003",291.93,2025-01-01 10:59:00,2025-01-01 14:40:00,BREAKDOWN,MECHANICAL_FAILURE,1500,633,1161,Standard
MAR-1387,Tanger,"35.7595,-5.834",Agadir,"30.4278,-9.5981",724.44,2025-01-01 23:20:00,2025-01-02 09:21:00,BREAKDOWN,MECHANICAL_FAILURE,1500,657,922,High-Value
MAR-1388,Agadir,"30.4278,-9.5981",Oujda,"34.6805,-1.9077",975.46,2025-01-01 20:30:00,2025-01-02 10:52:00,BREAKDOWN,MECHANICAL_FAILURE,1500,676,1491,Perishable
MAR-1389,Marrakech,"31.6295,-7.9811",Oujda,"34.6805,-1.9077",754.43,2025-01-02 07:20:00,2025-01-02 17:57:00,OK,NONE,0,539,1021,Standard
MAR-1390,Marrakech,"31.6295,-7.9811",Casablanca,"33.5731,-7.5898",220.07,2025-01-01 12:33:00,2025-01-01 16:40:00,DELAY,WEATHER,1500,643,1188,Perishable
MAR-1391,Tanger,"35.7595,-5.834",Oujda,"34.6805,-1.9077",451.98,2025-01-02 03:05:00,2025-01-02 09:27:00,BREAKDOWN,MECHANICAL_FAILURE,1500,790,1466,Standard
MAR-1392,Oujda,"34.6805,-1.9077",Fes,"34.0331,-5.0003",350.72,2025-01-02 01:55:00,2025-01-02 06:35:00,BREAKDOWN,MECHANICAL_FAILURE,1500,530,1337,Perishable
MAR-1393,Agadir,"30.4278,-9.5981",Nador,"35.1681,-2.9335",907.81,2025-01-02 02:03:00,2025-01-02 15:30:00,OK,NONE,0,484,953,High-Value
MAR-1394,Marrakech,"31.6295,-7.9811",Fes,"34.0331,-5.0003",425.04,2025-01-01 12:41:00,2025-01-01 19:19:00,BREAKDOWN,MECHANICAL_FAILURE,1500,638,1021,Perishable
MAR-1395,Casablanca,"33.5731,-7.5898",Tanger,"35.7595,-5.834",311.26,2025-01-01 21:01:00,2025-01-02 01:32:00,OK,NONE,0,410,1970,Standard
MAR-1396,Fes,"34.0331,-5.0003",Marrakech,"31.6295,-7.9811",425.04,2025-01-01 22:55:00,2025-01-02 05:37:00,OK,NONE,0,387,1884,Perishable
MAR-1397,Agadir,"30.4278,-9.5981",Fes,"34.0331,-5.0003",648.55,2025-01-02 07:12:00,2025-01-02 16:54:00,BREAKDOWN,MECHANICAL_FAILURE,1500,741,1584,Perishable
MAR-1398,Oujda,"34.6805,-1.9077",Nador,"35.1681,-2.9335",126.07,2025-01-01 17:33:00,2025-01-01 20:21:00,BREAKDOWN,MECHANICAL_FAILURE,1500,327,1885,High-Value
MAR-1399,Kenitra,"34.261,-6.5802",Marrakech,"31.6295,-7.9811",330.91,2025-01-02 04:59:00,2025-01-02 10:36:00,OK,NONE,0,626,1663,Perishable
MAR-1400,Nador,"35.1681,-2.9335",Oujda,"34.6805,-1.9077",126.07,2025-01-01 18:51:00,2025-01-01 21:23:00,OK,NONE,0,448,1262,High-Value
MAR-1401,Agadir,"30.4278,-9.5981",Kenitra,"34.261,-6.5802",541.53,2025-01-02 06:08:00,2025-01-02 14:52:00,BREAKDOWN,MECHANICAL_FAILURE,1500,641,986,Perishable
MAR-1402,Tanger,"35.7595,-5.834",Fes,"34.0331,-5.0003",212.81,2025-01-01 21:07:00,2025-01-01 23:55:00,BREAKDOWN,MECHANICAL_FAILURE,1500,553,1115,Perishable
MAR-1403,Tanger,"35.7595,-5.834",Fes,"34.0331,-5.0003",212.81,2025-01-02 06:43:00,2025-01-02 09:35:00,OK,NONE,0,525,1871,Standard
MAR-1404,Marrakech,"31.6295,-7.9811",Agadir,"30.4278,-9.5981",223.62,2025-01-01 22:03:00,2025-01-02 02:02:00,OK,NONE,0,377,1997,High-Value
MAR-1405,Fes,"34.0331,-5.0003",Nador,"35.1681,-2.9335",261.73,2025-01-01 18:33:00,2025-01-01 22:59:00,OK,NONE,0,628,1184,Standard
MAR-1406,Nador,"35.1681,-2.9335",Oujda,"34.6805,-1.9077",126.07,2025-01-01 21:13:00,2025-01-01 23:10:00,BREAKDOWN,MECHANICAL_FAILURE,1500,659,1948,Perishable
MAR-1407,Oujda,"34.6805,-1.9077",Fes,"34.0331,-5.0003",350.72,2025-01-01 15:22:00,2025-01-01 20:08:00,BREAKDOWN,MECHANICAL_FAILURE,1500,540,1423,Perishable
MAR-1408,Marrakech,"31.6295,-7.9811",Agadir,"30.4278,-9.5981",223.62,2025-01-01 11:54:00,2025-01-01 16:00:00,DELAY,TRAFFIC,1500,682,1829,High-Value
MAR-1409,Fes,"34.0331,-5.0003",Tanger,"35.7595,-5.834",212.81,2025-01-01 11:07:00,2025-01-01 14:38:00,OK,NONE,0,647,942,Perishable
MAR-1410,Tanger,"35.7595,-5.834",Oujda,"34.6805,-1.9077",451.98,2025-01-01 11:47:00,2025-01-01 18:21:00,OK,NONE,0,310,1173,High-Value
MAR-1411,Fes,"34.0331,-5.0003",Kenitra,"34.261,-6.5802",177.18,2025-01-01 10:27:00,2025-01-01 12:40:00,OK,NONE,0,459,1798,Perishable
MAR-1412,Oujda,"34.6805,-1.9077",Nador,"35.1681,-2.9335",126.07,2025-01-01 16:31:00,2025-01-01 19:19:00,DELAY,WEATHER,1500,493,1287,Standard
MAR-1413,Kenitra,"34.261,-6.5802",Marrakech,"31.6295,-7.9811",330.91,2025-01-01 21:37:00,2025-01-02 03:04:00,OK,NONE,0,584,1901,Standard
MAR-1414,Kenitra,"34.261,-6.5802",Casablanca,"33.5731,-7.5898",135.61,2025-01-02 05:34:00,2025-01-02 07:30:00,OK,NONE,0,423,1148,High-Value
MAR-1415,Oujda,"34.6805,-1.9077",Casablanca,"33.5731,-7.5898",642.58,2025-01-02 03:26:00,2025-01-02 12:48:00,BREAKDOWN,MECHANICAL_FAILURE,1500,636,1376,High-Value
MAR-1416,Nador,"35.1681,-2.9335",Tanger,"35.7595,-5.834",328.58,2025-01-02 00:31:00,2025-01-02 04:53:00,OK,NONE,0,342,945,High-Value
MAR-1417,Tanger,"35.7595,-5.834",Kenitra,"34.261,-6.5802",185.82,2025-01-01 23:53:00,2025-01-02 02:08:00,DELAY,TRAFFIC,1500,450,1566,Standard
MAR-1418,Marrakech,"31.6295,-7.9811",Fes,"34.0331,-5.0003",425.04,2025-01-01 11:30:00,2025-01-01 18:18:00,OK,NONE,0,457,1919,High-Value
MAR-1419,Casablanca,"33.5731,-7.5898",Nador,"35.1681,-2.9335",546.33,2025-01-02 00:26:00,2025-01-02 08:50:00,OK,NONE,0,784,1481,Perishable
MAR-1420,Fes,"34.0331,-5.0003",Marrakech,"31.6295,-7.9811",425.04,2025-01-02 01:38:00,2025-01-02 07:15:00,OK,NONE,0,424,1329,High-Value
MAR-1421,Casablanca,"33.5731,-7.5898",Oujda,"34.6805,-1.9077",642.58,2025-01-01 15:11:00,2025-01-01 23:54:00,DELAY,TRAFFIC,1500,725,1876,Perishable
MAR-1422,Fes,"34.0331,-5.0003",Kenitra,"34.261,-6.5802",177.18,2025-01-02 00:37:00,2025-01-02 03:35:00,OK,NONE,0,658,1007,Standard
MAR-1423,Nador,"35.1681,-2.9335",Oujda,"34.6805,-1.9077",126.07,2025-01-01 19:55:00,2025-01-01 22:35:00,OK,NONE,0,513,1675,Standard
MAR-1424,Nador,"35.1681,-2.9335",Kenitra,"34.261,-6.5802",417.12,2025-01-02 01:44:00,2025-01-02 07:22:00,BREAKDOWN,MECHANICAL_FAILURE,1500,334,1670,High-Value
MAR-1425,Tanger,"35.7595,-5.834",Fes,"34.0331,-5.0003",212.81,2025-01-01 19:07:00,2025-01-01 22:31:00,DELAY,WEATHER,1500,609,1450,High-Value
MAR-1426,Fes,"34.0331,-5.0003",Oujda,"34.6805,-1.9077",350.72,2025-01-01 18:47:00,2025-01-02 00:40:00,DELAY,WEATHER,1500,762,1371,Perishable
MAR-1427,Tanger,"35.7595,-5.834",Kenitra,"34.261,-6.5802",185.82,2025-01-01 15:06:00,2025-01-01 17:23:00,DELAY,TRAFFIC,1500,605,1893,High-Value
MAR-1428,Fes,"34.0331,-5.0003",Agadir,"30.4278,-9.5981",648.55,2025-01-01 08:30:00,2025-01-01 17:30:00,BREAKDOWN,MECHANICAL_FAILURE,1500,786,1456,Perishable
MAR-1429,Fes,"34.0331,-5.0003",Oujda,"34.6805,-1.9077",350.72,2025-01-01 23:41:00,2025-01-02 04:25:00,DELAY,WEATHER,1500,649,1632,High-Value
MAR-1430,Kenitra,"34.261,-6.5802",Fes,"34.0331,-5.0003",177.18,2025-01-02 00:36:00,2025-01-02 03:58:00,BREAKDOWN,MECHANICAL_FAILURE,1500,708,1317,High-Value
MAR-1431,Marrakech,"31.6295,-7.9811",Tanger,"35.7595,-5.834",516.68,2025-01-01 17:05:00,2025-01-02 00:02:00,OK,NONE,0,520,1990,Standard
MAR-1432,Nador,"35.1681,-2.9335",Fes,"34.0331,-5.0003",261.73,2025-01-01 15:08:00,2025-01-01 19:48:00,OK,NONE,0,738,1518,Standard
MAR-1433,Nador,"35.1681,-2.9335",Kenitra,"34.261,-6.5802",417.12,2025-01-01 23:24:00,2025-01-02 05:11:00,BREAKDOWN,MECHANICAL_FAILURE,1500,386,1187,High-Value
MAR-1434,Fes,"34.0331,-5.0003",Kenitra,"34.261,-6.5802",177.18,2025-01-01 08:52:00,2025-01-01 11:26:00,BREAKDOWN,MECHANICAL_FAILURE,1500,749,1818,High-Value
MAR-1435,Marrakech,"31.6295,-7.9811",Nador,"35.1681,-2.9335",684.25,2025-01-01 18:25:00,2025-01-02 03:45:00,DELAY,TRAFFIC,1500,527,1290,Perishable
MAR-1436,Nador,"35.1681,-2.9335",Marrakech,"31.6295,-7.9811",684.25,2025-01-02 06:45:00,2025-01-02 17:02:00,OK,NONE,0,509,1270,Perishable
MAR-1437,Tanger,"35.7595,-5.834",Casablanca,"33.5731,-7.5898",311.26,2025-01-01 14:17:00,2025-01-01 18:53:00,OK,NONE,0,507,1199,High-Value
MAR-1438,Fes,"34.0331,-5.0003",Oujda,"34.6805,-1.9077",350.72,2025-01-01 11:25:00,2025-01-01 16:06:00,DELAY,WEATHER,1500,756,1119,High-Value
MAR-1439,Nador,"35.1681,-2.9335",Casablanca,"33.5731,-7.5898",546.33,2025-01-02 06:07:00,2025-01-02 13:40:00,OK,NONE,0,674,1047,Perishable
MAR-1440,Agadir,"30.4278,-9.5981",Kenitra,"34.261,-6.5802",541.53,2025-01-01 17:43:00,2025-01-02 01:33:00,OK,NONE,0,502,1262,Standard
MAR-1441,Casablanca,"33.5731,-7.5898",Agadir,"30.4278,-9.5981",414.23,2025-01-01 08:12:00,2025-01-01 15:00:00,BREAKDOWN,MECHANICAL_FAILURE,1500,307,1355,Perishable
MAR-1442,Agadir,"30.4278,-9.5981",Fes,"34.0331,-5.0003",648.55,2025-01-01 09:18:00,2025-01-01 18:21:00,BREAKDOWN,MECHANICAL_FAILURE,1500,439,1376,Standard
MAR-1443,Fes,"34.0331,-5.0003",Casablanca,"33.5731,-7.5898",291.93,2025-01-01 19:58:00,2025-01-02 00:31:00,BREAKDOWN,MECHANICAL_FAILURE,1500,466,1190,Standard
MAR-1444,Nador,"35.1681,-2.9335",Marrakech,"31.6295,-7.9811",684.25,2025-01-01 22:47:00,2025-01-02 08:29:00,OK,NONE,0,758,1968,High-Value
MAR-1445,Fes,"34.0331,-5.0003",Agadir,"30.4278,-9.5981",648.55,2025-01-01 14:08:00,2025-01-01 23:00:00,DELAY,TRAFFIC,1500,344,920,Perishable
MAR-1446,Tanger,"35.7595,-5.834",Fes,"34.0331,-5.0003",212.81,2025-01-01 14:52:00,2025-01-01 18:43:00,BREAKDOWN,MECHANICAL_FAILURE,1500,336,1836,Perishable
MAR-1447,Casablanca,"33.5731,-7.5898",Kenitra,"34.261,-6.5802",135.61,2025-01-02 04:20:00,2025-01-02 06:04:00,DELAY,TRAFFIC,1500,519,1317,Perishable
MAR-1448,Kenitra,"34.261,-6.5802",Casablanca,"33.5731,-7.5898",135.61,2025-01-02 06:59:00,2025-01-02 08:38:00,OK,NONE,0,693,1168,High-Value
MAR-1449,Casablanca,"33.5731,-7.5898",Kenitra,"34.261,-6.5802",135.61,2025-01-01 17:37:00,2025-01-01 20:28:00,OK,NONE,0,670,1176,Standard
MAR-1450,Agadir,"30.4278,-9.5981",Oujda,"34.6805,-1.9077",975.46,2025-01-01 21:38:00,2025-01-02 11:33:00,OK,NONE,0,601,1367,Standard
MAR-1451,Kenitra,"34.261,-6.5802",Nador,"35.1681,-2.9335",417.12,2025-01-02 05:53:00,2025-01-02 11:36:00,BREAKDOWN,MECHANICAL_FAILURE,1500,342,1353,High-Value
MAR-1452,Fes,"34.0331,-5.0003",Oujda,"34.6805,-1.9077",350.72,2025-01-02 02:02:00,2025-01-02 07:43:00,OK,NONE,0,582,1315,Standard
MAR-1453,Tanger,"35.7595,-5.834",Nador,"35.1681,-2.9335",328.58,2025-01-01 08:00:00,2025-01-01 13:26:00,BREAKDOWN,MECHANICAL_FAILURE,1500,575,998,High-Value
MAR-1454,Casablanca,"33.5731,-7.5898",Agadir,"30.4278,-9.5981",414.23,2025-01-01 14:01:00,2025-01-01 20:17:00,DELAY,WEATHER,1500,414,1574,High-Value
MAR-1455,Fes,"34.0331,-5.0003",Kenitra,"34.261,-6.5802",177.18,2025-01-01 09:17:00,2025-01-01 11:26:00,BREAKDOWN,MECHANICAL_FAILURE,1500,538,1614,Perishable
MAR-1456,Nador,"35.1681,-2.9335",Agadir,"30.4278,-9.5981",907.81,2025-01-02 07:05:00,2025-01-02 20:49:00,OK,NONE,0,767,1140,Standard
MAR-1457,Oujda,"34.6805,-1.9077",Tanger,"35.7595,-5.834",451.98,2025-01-01 15:59:00,2025-01-01 22:48:00,DELAY,WEATHER,1500,514,1049,Perishable
MAR-1458,Agadir,"30.4278,-9.5981",Kenitra,"34.261,-6.5802",541.53,2025-01-02 01:28:00,2025-01-02 10:09:00,DELAY,WEATHER,1500,678,1231,Standard
MAR-1459,Agadir,"30.4278,-9.5981",Oujda,"34.6805,-1.9077",975.46,2025-01-02 06:26:00,2025-01-02 21:02:00,OK,NONE,0,587,1041,Standard
MAR-1460,Kenitra,"34.261,-6.5802",Nador,"35.1681,-2.9335",417.12,2025-01-02 03:34:00,2025-01-02 09:30:00,DELAY,WEATHER,1500,407,1819,Standard
MAR-1461,Fes,"34.0331,-5.0003",Nador,"35.1681,-2.9335",261.73,2025-01-01 20:11:00,2025-01-02 00:00:00,OK,NONE,0,598,1901,High-Value
MAR-1462,Agadir,"30.4278,-9.5981",Casablanca,"33.5731,-7.5898",414.23,2025-01-01 22:12:00,2025-01-02 04:29:00,DELAY,TRAFFIC,1500,367,1210,Standard
MAR-1463,Agadir,"30.4278,-9.5981",Tanger,"35.7595,-5.834",724.44,2025-01-01 08:52:00,2025-01-01 19:06:00,BREAKDOWN,MECHANICAL_FAILURE,1500,470,1594,High-Value
MAR-1464,Fes,"34.0331,-5.0003",Agadir,"30.4278,-9.5981",648.55,2025-01-01 21:02:00,2025-01-02 06:39:00,BREAKDOWN,MECHANICAL_FAILURE,1500,782,1390,Perishable
MAR-1465,Oujda,"34.6805,-1.9077",Kenitra,"34.261,-6.5802",520.73,2025-01-02 03:28:00,2025-01-02 11:40:00,DELAY,TRAFFIC,1500,309,1056,Perishable
MAR-1466,Oujda,"34.6805,-1.9077",Fes,"34.0331,-5.0003",350.72,2025-01-01 15:19:00,2025-01-01 20:38:00,DELAY,TRAFFIC,1500,701,1199,Perishable
MAR-1467,Tanger,"35.7595,-5.834",Oujda,"34.6805,-1.9077",451.98,2025-01-01 20:25:00,2025-01-02 03:31:00,DELAY,TRAFFIC,1500,512,1312,Standard
MAR-1468,Marrakech,"31.6295,-7.9811",Kenitra,"34.261,-6.5802",330.91,2025-01-01 14:21:00,2025-01-01 19:22:00,OK,NONE,0,470,1109,High-Value
MAR-1469,Marrakech,"31.6295,-7.9811",Fes,"34.0331,-5.0003",425.04,2025-01-01 23:10:00,2025-01-02 06:14:00,DELAY,TRAFFIC,1500,429,1232,High-Value
MAR-1470,Agadir,"30.4278,-9.5981",Marrakech,"31.6295,-7.9811",223.62,2025-01-01 23:48:00,2025-01-02 02:43:00,OK,NONE,0,500,1439,Standard
MAR-1471,Oujda,"34.6805,-1.9077",Kenitra,"34.261,-6.5802",520.73,2025-01-01 18:56:00,2025-01-02 02:30:00,DELAY,WEATHER,1500,306,1499,High-Value
MAR-1472,Kenitra,"34.261,-6.5802",Nador,"35.1681,-2.9335",417.12,2025-01-02 01:37:00,2025-01-02 07:46:00,OK,NONE,0,547,1856,Perishable
MAR-1473,Tanger,"35.7595,-5.834",Marrakech,"31.6295,-7.9811",516.68,2025-01-02 04:13:00,2025-01-02 11:56:00,BREAKDOWN,MECHANICAL_FAILURE,1500,385,1965,Standard
MAR-1474,Marrakech,"31.6295,-7.9811",Fes,"34.0331,-5.0003",425.04,2025-01-01 21:39:00,2025-01-02 04:25:00,BREAKDOWN,MECHANICAL_FAILURE,1500,451,1067,High-Value
MAR-1475,Nador,"35.1681,-2.9335",Kenitra,"34.261,-6.5802",417.12,2025-01-02 01:43:00,2025-01-02 08:23:00,DELAY,TRAFFIC,1500,778,1458,Standard
MAR-1476,Marrakech,"31.6295,-7.9811",Tanger,"35.7595,-5.834",516.68,2025-01-01 23:15:00,2025-01-02 07:27:00,OK,NONE,0,473,1994,Perishable
MAR-1477,Kenitra,"34.261,-6.5802",Casablanca,"33.5731,-7.5898",135.61,2025-01-01 12:50:00,2025-01-01 14:56:00,DELAY,WEATHER,1500,678,1033,Standard
MAR-1478,Agadir,"30.4278,-9.5981",Fes,"34.0331,-5.0003",648.55,2025-01-01 18:55:00,2025-01-02 05:05:00,BREAKDOWN,MECHANICAL_FAILURE,1500,733,932,High-Value
MAR-1479,Casablanca,"33.5731,-7.5898",Tanger,"35.7595,-5.834",311.26,2025-01-01 15:30:00,2025-01-01 19:30:00,BREAKDOWN,MECHANICAL_FAILURE,1500,481,1717,Perishable
MAR-1480,Tanger,"35.7595,-5.834",Marrakech,"31.6295,-7.9811",516.68,2025-01-01 18:27:00,2025-01-02 01:20:00,BREAKDOWN,MECHANICAL_FAILURE,1500,677,1319,Standard
MAR-1481,Fes,"34.0331,-5.0003",Marrakech,"31.6295,-7.9811",425.04,2025-01-02 03:35:00,2025-01-02 09:23:00,BREAKDOWN,MECHANICAL_FAILURE,1500,672,1521,Perishable
MAR-1482,Tanger,"35.7595,-5.834",Casablanca,"33.5731,-7.5898",311.26,2025-01-02 02:06:00,2025-01-02 06:22:00,BREAKDOWN,MECHANICAL_FAILURE,1500,557,1331,High-Value
MAR-1483,Nador,"35.1681,-2.9335",Marrakech,"31.6295,-7.9811",684.25,2025-01-01 17:56:00,2025-01-02 04:28:00,OK,NONE,0,389,1037,High-Value
MAR-1484,Kenitra,"34.261,-6.5802",Casablanca,"33.5731,-7.5898",135.61,2025-01-01 12:12:00,2025-01-01 14:28:00,BREAKDOWN,MECHANICAL_FAILURE,1500,750,1945,High-Value
MAR-1485,Casablanca,"33.5731,-7.5898",Fes,"34.0331,-5.0003",291.93,2025-01-01 11:35:00,2025-01-01 15:28:00,DELAY,TRAFFIC,1500,633,1524,Standard
MAR-1486,Agadir,"30.4278,-9.5981",Marrakech,"31.6295,-7.9811",223.62,2025-01-02 02:32:00,2025-01-02 06:42:00,OK,NONE,0,380,1575,Standard
MAR-1487,Tanger,"35.7595,-5.834",Oujda,"34.6805,-1.9077",451.98,2025-01-01 17:35:00,2025-01-01 23:39:00,OK,NONE,0,310,1530,Perishable
MAR-1488,Nador,"35.1681,-2.9335",Kenitra,"34.261,-6.5802",417.12,2025-01-02 06:03:00,2025-01-02 11:57:00,BREAKDOWN,MECHANICAL_FAILURE,1500,496,1907,Perishable
MAR-1489,Kenitra,"34.261,-6.5802",Fes,"34.0331,-5.0003",177.18,2025-01-02 05:53:00,2025-01-02 08:20:00,BREAKDOWN,MECHANICAL_FAILURE,1500,709,1201,Standard
MAR-1490,Nador,"35.1681,-2.9335",Tanger,"35.7595,-5.834",328.58,2025-01-01 22:27:00,2025-01-02 03:53:00,OK,NONE,0,711,1493,Standard
MAR-1491,Kenitra,"34.261,-6.5802",Agadir,"30.4278,-9.5981",541.53,2025-01-01 17:01:00,2025-01-02 00:21:00,DELAY,TRAFFIC,1500,538,1181,Perishable
MAR-1492,Tanger,"35.7595,-5.834",Kenitra,"34.261,-6.5802",185.82,2025-01-01 20:18:00,2025-01-01 23:01:00,OK,NONE,0,580,1650,Standard
MAR-1493,Fes,"34.0331,-5.0003",Agadir,"30.4278,-9.5981",648.55,2025-01-02 03:16:00,2025-01-02 13:16:00,OK,NONE,0,745,1343,High-Value
MAR-1494,Oujda,"34.6805,-1.9077",Agadir,"30.4278,-9.5981",975.46,2025-01-01 20:15:00,2025-01-02 10:32:00,DELAY,WEATHER,1500,436,1774,High-Value
MAR-1495,Marrakech,"31.6295,-7.9811",Agadir,"30.4278,-9.5981",223.62,2025-01-01 18:15:00,2025-01-01 22:06:00,OK,NONE,0,334,1466,High-Value
MAR-1496,Nador,"35.1681,-2.9335",Agadir,"30.4278,-9.5981",907.81,2025-01-01 19:02:00,2025-01-02 08:36:00,DELAY,TRAFFIC,1500,444,1990,Standard
MAR-1497,Marrakech,"31.6295,-7.9811",Agadir,"30.4278,-9.5981",223.62,2025-01-02 06:52:00,2025-01-02 09:37:00,DELAY,WEATHER,1500,650,1041,Standard
MAR-1498,Fes,"34.0331,-5.0003",Agadir,"30.4278,-9.5981",648.55,2025-01-01 17:16:00,2025-01-02 02:33:00,DELAY,TRAFFIC,1500,376,1072,Perishable
MAR-1499,Tanger,"35.7595,-5.834",Kenitra,"34.261,-6.5802",185.82,2025-01-01 16:29:00,2025-01-01 18:59:00,DELAY,WEATHER,1500,527,1676,Standard
